Dataset,Algorithm,Seed,Repeat,N,k_target,Silhouette,Davies-Bouldin,Calinski-Harabasz,Time,Clusters,Noise fraction,Evaluated points,ARI,NMI
Two Moons,DIANA,11,1,200,2,0.49807341072479894,0.8001751424543305,281.0903664531977,0.004152700304985046,2,0.0,200,0.5159676767676767,0.41576118835714243
Two Moons,DBSCAN,11,1,200,2,0.22228562493281243,1.2876908044974456,125.45181444819521,0.0021104002371430397,4,0.0,200,0.69762407207703,0.7369569573488035
Two Moons,K-Medoids (PAM),11,1,200,2,0.48052246480220545,0.8072894995805224,261.6563196311348,0.0006240997463464737,2,0.0,200,0.44617960080293906,0.37097512908708097
Two Moons,AGNES (ward),11,1,200,2,0.4546170783816566,0.8304075144275845,226.451656912899,0.002728099934756756,2,0.0,200,0.5604291574629221,0.5615896365639195
Two Moons,AGNES (complete),11,1,200,2,0.4842171230196439,0.8097013924582129,267.4653406337487,0.0015553003177046776,2,0.0,200,0.36896735098511657,0.29478463125499493
Two Moons,AGNES (average),11,1,200,2,0.4546170783816566,0.8304075144275845,226.451656912899,0.0012937001883983612,2,0.0,200,0.5604291574629221,0.5615896365639195
Two Moons,K-Means,11,1,200,2,0.49807341072479894,0.8001751424543305,281.0903664531977,0.007320399396121502,2,0.0,200,0.5159676767676767,0.41576118835714243
Two Moons,AGNES (single),11,1,200,2,0.3797128158221895,1.0292736656703512,169.61944327438067,0.0011246996000409126,2,0.0,200,1.0,1.0
Two Moons,CURE,11,1,200,2,0.45012288273879447,0.8742134343116512,224.38513229947822,0.2705211006104946,2,0.0,200,0.7383107530769681,0.6986507991630148
Two Moons,DBSCAN,11,2,200,2,0.22228562493281243,1.2876908044974456,125.45181444819521,0.001994800753891468,4,0.0,200,0.69762407207703,0.7369569573488035
Two Moons,DIANA,11,2,200,2,0.49807341072479894,0.8001751424543305,281.0903664531977,0.004937100224196911,2,0.0,200,0.5159676767676767,0.41576118835714243
Two Moons,CURE,11,2,200,2,0.45012288273879447,0.8742134343116512,224.38513229947822,0.22047480009496212,2,0.0,200,0.7383107530769681,0.6986507991630148
Two Moons,AGNES (complete),11,2,200,2,0.4842171230196439,0.8097013924582129,267.4653406337487,0.0013874005526304245,2,0.0,200,0.36896735098511657,0.29478463125499493
Two Moons,AGNES (single),11,2,200,2,0.3797128158221895,1.0292736656703512,169.61944327438067,0.0011251997202634811,2,0.0,200,1.0,1.0
Two Moons,K-Medoids (PAM),11,2,200,2,0.48052246480220545,0.8072894995805224,261.6563196311348,0.0006179995834827423,2,0.0,200,0.44617960080293906,0.37097512908708097
Two Moons,K-Means,11,2,200,2,0.49807341072479894,0.8001751424543305,281.0903664531977,0.006311800330877304,2,0.0,200,0.5159676767676767,0.41576118835714243
Two Moons,AGNES (average),11,2,200,2,0.4546170783816566,0.8304075144275845,226.451656912899,0.0012208996340632439,2,0.0,200,0.5604291574629221,0.5615896365639195
Two Moons,AGNES (ward),11,2,200,2,0.4546170783816566,0.8304075144275845,226.451656912899,0.0014006998389959335,2,0.0,200,0.5604291574629221,0.5615896365639195
Two Moons,AGNES (complete),11,3,200,2,0.4842171230196439,0.8097013924582129,267.4653406337487,0.0013345004990696907,2,0.0,200,0.36896735098511657,0.29478463125499493
Two Moons,AGNES (single),11,3,200,2,0.3797128158221895,1.0292736656703512,169.61944327438067,0.0011296998709440231,2,0.0,200,1.0,1.0
Two Moons,K-Means,11,3,200,2,0.49807341072479894,0.8001751424543305,281.0903664531977,0.007745800539851189,2,0.0,200,0.5159676767676767,0.41576118835714243
Two Moons,AGNES (average),11,3,200,2,0.4546170783816566,0.8304075144275845,226.451656912899,0.0014437995851039886,2,0.0,200,0.5604291574629221,0.5615896365639195
Two Moons,AGNES (ward),11,3,200,2,0.4546170783816566,0.8304075144275845,226.451656912899,0.0012835003435611725,2,0.0,200,0.5604291574629221,0.5615896365639195
Two Moons,DIANA,11,3,200,2,0.49807341072479894,0.8001751424543305,281.0903664531977,0.003010900691151619,2,0.0,200,0.5159676767676767,0.41576118835714243
Two Moons,DBSCAN,11,3,200,2,0.22228562493281243,1.2876908044974456,125.45181444819521,0.0019471002742648125,4,0.0,200,0.69762407207703,0.7369569573488035
Two Moons,CURE,11,3,200,2,0.45012288273879447,0.8742134343116512,224.38513229947822,0.21364970039576292,2,0.0,200,0.7383107530769681,0.6986507991630148
Two Moons,K-Medoids (PAM),11,3,200,2,0.48052246480220545,0.8072894995805224,261.6563196311348,0.000599999912083149,2,0.0,200,0.44617960080293906,0.37097512908708097
Two Moons,DBSCAN,22,1,200,2,0.22852267017100514,0.9558556711399884,113.80018033967026,0.0019518006592988968,4,0.025,195,0.7387479417583351,0.7251883498978177
Two Moons,K-Means,22,1,200,2,0.4880607605286318,0.817554947740909,268.9174898031938,0.008861400187015533,2,0.0,200,0.45968921463260903,0.3668993933811534
Two Moons,AGNES (single),22,1,200,2,0.3754343828371253,1.0445684096276873,164.7648816261002,0.0011176997795701027,2,0.0,200,1.0,1.0
Two Moons,K-Medoids (PAM),22,1,200,2,0.48375786581606706,0.8176251115028388,259.34140088214673,0.0006152000278234482,2,0.0,200,0.5016379915047655,0.41850185496309256
Two Moons,AGNES (ward),22,1,200,2,0.43245602647360143,0.9119657161370658,208.66343861250238,0.0014136992394924164,2,0.0,200,0.7910627683863763,0.7445519511009138
Two Moons,CURE,22,1,200,2,0.44737717585882975,0.855505218319176,217.07749504779767,0.21396000031381845,2,0.0,200,0.5755901313557268,0.5725330469636436
Two Moons,DIANA,22,1,200,2,0.4888149839507113,0.8165200963583675,268.8686577501374,0.0034811003133654594,2,0.0,200,0.4734606886276688,0.3797808489590495
Two Moons,AGNES (complete),22,1,200,2,0.44266087795800885,0.8501752574495788,207.74330808378923,0.0020735999569296837,2,0.0,200,0.5018070607383429,0.5200986558745504
Two Moons,AGNES (average),22,1,200,2,0.44737717585882975,0.855505218319176,217.07749504779767,0.0013580992817878723,2,0.0,200,0.5755901313557268,0.5725330469636436
Two Moons,K-Medoids (PAM),22,2,200,2,0.48375786581606706,0.8176251115028388,259.34140088214673,0.0006250999867916107,2,0.0,200,0.5016379915047655,0.41850185496309256
Two Moons,AGNES (complete),22,2,200,2,0.44266087795800885,0.8501752574495788,207.74330808378923,0.0014542993158102036,2,0.0,200,0.5018070607383429,0.5200986558745504
Two Moons,AGNES (average),22,2,200,2,0.44737717585882975,0.855505218319176,217.07749504779767,0.0013047996908426285,2,0.0,200,0.5755901313557268,0.5725330469636436
Two Moons,DBSCAN,22,2,200,2,0.22852267017100514,0.9558556711399884,113.80018033967026,0.0040793996304273605,4,0.025,195,0.7387479417583351,0.7251883498978177
Two Moons,DIANA,22,2,200,2,0.4888149839507113,0.8165200963583675,268.8686577501374,0.004224499687552452,2,0.0,200,0.4734606886276688,0.3797808489590495
Two Moons,K-Means,22,2,200,2,0.4880607605286318,0.817554947740909,268.9174898031938,0.011945700272917747,2,0.0,200,0.45968921463260903,0.3668993933811534
Two Moons,CURE,22,2,200,2,0.44737717585882975,0.855505218319176,217.07749504779767,0.343886099755764,2,0.0,200,0.5755901313557268,0.5725330469636436
Two Moons,AGNES (ward),22,2,200,2,0.43245602647360143,0.9119657161370658,208.66343861250238,0.0012921998277306557,2,0.0,200,0.7910627683863763,0.7445519511009138
Two Moons,AGNES (single),22,2,200,2,0.3754343828371253,1.0445684096276873,164.7648816261002,0.001155099831521511,2,0.0,200,1.0,1.0
Two Moons,DBSCAN,22,3,200,2,0.22852267017100514,0.9558556711399884,113.80018033967026,0.002027600072324276,4,0.025,195,0.7387479417583351,0.7251883498978177
Two Moons,DIANA,22,3,200,2,0.4888149839507113,0.8165200963583675,268.8686577501374,0.006056300364434719,2,0.0,200,0.4734606886276688,0.3797808489590495
Two Moons,AGNES (ward),22,3,200,2,0.43245602647360143,0.9119657161370658,208.66343861250238,0.0014386000111699104,2,0.0,200,0.7910627683863763,0.7445519511009138
Two Moons,AGNES (complete),22,3,200,2,0.44266087795800885,0.8501752574495788,207.74330808378923,0.0014129001647233963,2,0.0,200,0.5018070607383429,0.5200986558745504
Two Moons,AGNES (average),22,3,200,2,0.44737717585882975,0.855505218319176,217.07749504779767,0.0012737996876239777,2,0.0,200,0.5755901313557268,0.5725330469636436
Two Moons,K-Means,22,3,200,2,0.4880607605286318,0.817554947740909,268.9174898031938,0.008628199808299541,2,0.0,200,0.45968921463260903,0.3668993933811534
Two Moons,CURE,22,3,200,2,0.44737717585882975,0.855505218319176,217.07749504779767,0.27382779959589243,2,0.0,200,0.5755901313557268,0.5725330469636436
Two Moons,AGNES (single),22,3,200,2,0.3754343828371253,1.0445684096276873,164.7648816261002,0.001345999538898468,2,0.0,200,1.0,1.0
Two Moons,K-Medoids (PAM),22,3,200,2,0.48375786581606706,0.8176251115028388,259.34140088214673,0.000797799788415432,2,0.0,200,0.5016379915047655,0.41850185496309256
Two Moons,AGNES (ward),33,1,200,2,0.45097422502697104,0.8673075168110113,222.90047487201036,0.002506999298930168,2,0.0,200,0.6544261374567566,0.6313350115276466
Two Moons,DBSCAN,33,1,200,2,0.36896101232243267,0.9158137043943116,145.5890681032646,0.003516099415719509,3,0.005,199,0.752550768858901,0.7929702312456658
Two Moons,AGNES (single),33,1,200,2,0.37985402463993057,1.0325775210735275,169.25353540006424,0.0015842998400330544,2,0.0,200,1.0,1.0
Two Moons,K-Means,33,1,200,2,0.49189622405558253,0.8134919912946575,274.02297514301966,0.01139140035957098,2,0.0,200,0.48742527792873147,0.39049359868528616
Two Moons,AGNES (average),33,1,200,2,0.45097422502697104,0.8673075168110113,222.90047487201036,0.004150199703872204,2,0.0,200,0.6544261374567566,0.6313350115276466
Two Moons,K-Medoids (PAM),33,1,200,2,0.4814251480411819,0.8218210305074946,259.73343438603604,0.0009241001680493355,2,0.0,200,0.4874615179502097,0.40270783612303857
Two Moons,CURE,33,1,200,2,0.44561636533866916,0.8579524115841383,215.5780852512605,0.25751089956611395,2,0.0,200,0.5604291574629221,0.5615896365639195
Two Moons,DIANA,33,1,200,2,0.4924618247349642,0.8134730418171194,273.49030842202535,0.0029972000047564507,2,0.0,200,0.5159686546087786,0.4161322360749357
Two Moons,AGNES (complete),33,1,200,2,0.42231818298254326,0.8624313814131894,188.4067662165994,0.0012985998764634132,2,0.0,200,0.4330804843232941,0.47262080331196715
Two Moons,CURE,33,2,200,2,0.44561636533866916,0.8579524115841383,215.5780852512605,0.2565115997567773,2,0.0,200,0.5604291574629221,0.5615896365639195
Two Moons,AGNES (ward),33,2,200,2,0.45097422502697104,0.8673075168110113,222.90047487201036,0.001293799839913845,2,0.0,200,0.6544261374567566,0.6313350115276466
Two Moons,AGNES (average),33,2,200,2,0.45097422502697104,0.8673075168110113,222.90047487201036,0.0013268999755382538,2,0.0,200,0.6544261374567566,0.6313350115276466
Two Moons,AGNES (single),33,2,200,2,0.37985402463993057,1.0325775210735275,169.25353540006424,0.001017499715089798,2,0.0,200,1.0,1.0
Two Moons,AGNES (complete),33,2,200,2,0.42231818298254326,0.8624313814131894,188.4067662165994,0.001369500532746315,2,0.0,200,0.4330804843232941,0.47262080331196715
Two Moons,DBSCAN,33,2,200,2,0.36896101232243267,0.9158137043943116,145.5890681032646,0.004074400290846825,3,0.005,199,0.752550768858901,0.7929702312456658
Two Moons,DIANA,33,2,200,2,0.4924618247349642,0.8134730418171194,273.49030842202535,0.005468400195240974,2,0.0,200,0.5159686546087786,0.4161322360749357
Two Moons,K-Medoids (PAM),33,2,200,2,0.4814251480411819,0.8218210305074946,259.73343438603604,0.0007779998704791069,2,0.0,200,0.4874615179502097,0.40270783612303857
Two Moons,K-Means,33,2,200,2,0.49189622405558253,0.8134919912946575,274.02297514301966,0.007529499940574169,2,0.0,200,0.48742527792873147,0.39049359868528616
Two Moons,AGNES (ward),33,3,200,2,0.45097422502697104,0.8673075168110113,222.90047487201036,0.0014320006594061852,2,0.0,200,0.6544261374567566,0.6313350115276466
Two Moons,K-Medoids (PAM),33,3,200,2,0.4814251480411819,0.8218210305074946,259.73343438603604,0.0007419995963573456,2,0.0,200,0.4874615179502097,0.40270783612303857
Two Moons,AGNES (single),33,3,200,2,0.37985402463993057,1.0325775210735275,169.25353540006424,0.000987800769507885,2,0.0,200,1.0,1.0
Two Moons,AGNES (average),33,3,200,2,0.45097422502697104,0.8673075168110113,222.90047487201036,0.0014663999900221825,2,0.0,200,0.6544261374567566,0.6313350115276466
Two Moons,DBSCAN,33,3,200,2,0.36896101232243267,0.9158137043943116,145.5890681032646,0.00375210028141737,3,0.005,199,0.752550768858901,0.7929702312456658
Two Moons,CURE,33,3,200,2,0.44561636533866916,0.8579524115841383,215.5780852512605,0.28191670030355453,2,0.0,200,0.5604291574629221,0.5615896365639195
Two Moons,AGNES (complete),33,3,200,2,0.42231818298254326,0.8624313814131894,188.4067662165994,0.0012694001197814941,2,0.0,200,0.4330804843232941,0.47262080331196715
Two Moons,K-Means,33,3,200,2,0.49189622405558253,0.8134919912946575,274.02297514301966,0.008628600277006626,2,0.0,200,0.48742527792873147,0.39049359868528616
Two Moons,DIANA,33,3,200,2,0.4924618247349642,0.8134730418171194,273.49030842202535,0.004027399234473705,2,0.0,200,0.5159686546087786,0.4161322360749357
Two Moons,AGNES (ward),44,1,200,2,0.4587025373823855,0.8361940290817803,231.4981832625279,0.0013919007033109665,2,0.0,200,0.6065184066117172,0.5951912982359802
Two Moons,K-Medoids (PAM),44,1,200,2,0.4953321892340371,0.7970352945970449,278.60198747803867,0.0007728002965450287,2,0.0,200,0.5016158429882414,0.41011540218993225
Two Moons,CURE,44,1,200,2,0.46001579676387405,0.8326853020294634,231.50641818173443,0.25095919985324144,2,0.0,200,0.6065184066117172,0.5951912982359802
Two Moons,DBSCAN,44,1,200,2,0.25360421785705983,1.2377923511432203,140.36004949364468,0.0020295996218919754,3,0.015,197,0.8019089652104234,0.7973364427293628
Two Moons,DIANA,44,1,200,2,0.4993430010590941,0.7945960153647857,284.7452041392115,0.002943200059235096,2,0.0,200,0.48742838441709563,0.3915000404613918
Two Moons,AGNES (average),44,1,200,2,0.46001579676387405,0.8326853020294634,231.50641818173443,0.0013331994414329529,2,0.0,200,0.6065184066117172,0.5951912982359802
Two Moons,K-Means,44,1,200,2,0.4981120370934294,0.7961078363629415,284.82603325898367,0.009126299992203712,2,0.0,200,0.45968594002840396,0.36599170498493844
Two Moons,AGNES (single),44,1,200,2,0.380048276741891,1.0235655739546998,171.60808495481473,0.0010176999494433403,2,0.0,200,1.0,1.0
Two Moons,AGNES (complete),44,1,200,2,0.46001579676387405,0.8326853020294634,231.50641818173443,0.003136400133371353,2,0.0,200,0.6065184066117172,0.5951912982359802
Two Moons,K-Medoids (PAM),44,2,200,2,0.4953321892340371,0.7970352945970449,278.60198747803867,0.0009332997724413872,2,0.0,200,0.5016158429882414,0.41011540218993225
Two Moons,DIANA,44,2,200,2,0.4993430010590941,0.7945960153647857,284.7452041392115,0.007050999440252781,2,0.0,200,0.48742838441709563,0.3915000404613918
Two Moons,K-Means,44,2,200,2,0.4981120370934294,0.7961078363629415,284.82603325898367,0.005914299748837948,2,0.0,200,0.45968594002840396,0.36599170498493844
Two Moons,AGNES (ward),44,2,200,2,0.4587025373823855,0.8361940290817803,231.4981832625279,0.0016048001125454903,2,0.0,200,0.6065184066117172,0.5951912982359802
Two Moons,DBSCAN,44,2,200,2,0.25360421785705983,1.2377923511432203,140.36004949364468,0.002989400178194046,3,0.015,197,0.8019089652104234,0.7973364427293628
Two Moons,AGNES (average),44,2,200,2,0.46001579676387405,0.8326853020294634,231.50641818173443,0.0013559004291892052,2,0.0,200,0.6065184066117172,0.5951912982359802
Two Moons,CURE,44,2,200,2,0.46001579676387405,0.8326853020294634,231.50641818173443,0.2705723000690341,2,0.0,200,0.6065184066117172,0.5951912982359802
Two Moons,AGNES (complete),44,2,200,2,0.46001579676387405,0.8326853020294634,231.50641818173443,0.0014563007280230522,2,0.0,200,0.6065184066117172,0.5951912982359802
Two Moons,AGNES (single),44,2,200,2,0.380048276741891,1.0235655739546998,171.60808495481473,0.0010162005200982094,2,0.0,200,1.0,1.0
Two Moons,AGNES (ward),44,3,200,2,0.4587025373823855,0.8361940290817803,231.4981832625279,0.0015038996934890747,2,0.0,200,0.6065184066117172,0.5951912982359802
Two Moons,DIANA,44,3,200,2,0.4993430010590941,0.7945960153647857,284.7452041392115,0.004741200245916843,2,0.0,200,0.48742838441709563,0.3915000404613918
Two Moons,K-Means,44,3,200,2,0.4981120370934294,0.7961078363629415,284.82603325898367,0.009746599942445755,2,0.0,200,0.45968594002840396,0.36599170498493844
Two Moons,DBSCAN,44,3,200,2,0.25360421785705983,1.2377923511432203,140.36004949364468,0.002055499702692032,3,0.015,197,0.8019089652104234,0.7973364427293628
Two Moons,AGNES (single),44,3,200,2,0.380048276741891,1.0235655739546998,171.60808495481473,0.0022630002349615097,2,0.0,200,1.0,1.0
Two Moons,K-Medoids (PAM),44,3,200,2,0.4953321892340371,0.7970352945970449,278.60198747803867,0.0010430002585053444,2,0.0,200,0.5016158429882414,0.41011540218993225
Two Moons,AGNES (complete),44,3,200,2,0.46001579676387405,0.8326853020294634,231.50641818173443,0.002458600327372551,2,0.0,200,0.6065184066117172,0.5951912982359802
Two Moons,CURE,44,3,200,2,0.46001579676387405,0.8326853020294634,231.50641818173443,0.30326780024915934,2,0.0,200,0.6065184066117172,0.5951912982359802
Two Moons,AGNES (average),44,3,200,2,0.46001579676387405,0.8326853020294634,231.50641818173443,0.001666800118982792,2,0.0,200,0.6065184066117172,0.5951912982359802
Two Moons,AGNES (complete),55,1,200,2,0.4330750027978339,0.8489876910459089,202.19288093931507,0.0019178995862603188,2,0.0,200,0.4876571255489929,0.5102432713148244
Two Moons,DBSCAN,55,1,200,2,0.10785660403355418,2.016693876166294,102.34593870995681,0.0019647004082798958,3,0.005,199,0.9085989476987162,0.8857601570728657
Two Moons,K-Medoids (PAM),55,1,200,2,0.4809873733330444,0.8125933879592757,259.21217524266837,0.002338400110602379,2,0.0,200,0.43280564146175426,0.35632432433851235
Two Moons,K-Means,55,1,200,2,0.49414639750107253,0.8056424593441533,277.38336853711127,0.009767400100827217,2,0.0,200,0.446119184306738,0.3545071071299957
Two Moons,AGNES (single),55,1,200,2,0.37273487905270014,1.0474747318296433,164.221283671161,0.0010443003848195076,2,0.0,200,1.0,1.0
Two Moons,AGNES (ward),55,1,200,2,0.4555514243069086,0.8399753918713926,224.9224218973936,0.0021372996270656586,2,0.0,200,0.5755901313557268,0.5725330469636436
Two Moons,AGNES (average),55,1,200,2,0.4555514243069086,0.8399753918713926,224.9224218973936,0.002114499919116497,2,0.0,200,0.5755901313557268,0.5725330469636436
Two Moons,CURE,55,1,200,2,0.31156799986567774,0.9058047990593991,89.68736652939187,0.34084170032292604,2,0.0,200,0.1653658391484466,0.28128373202963786
Two Moons,DIANA,55,1,200,2,0.4935740807357674,0.806752569458842,276.725975851596,0.004349100403487682,2,0.0,200,0.47345430633620894,0.37786656324975487
Two Moons,AGNES (ward),55,2,200,2,0.4555514243069086,0.8399753918713926,224.9224218973936,0.0017454000189900398,2,0.0,200,0.5755901313557268,0.5725330469636436
Two Moons,K-Means,55,2,200,2,0.49414639750107253,0.8056424593441533,277.38336853711127,0.00849829986691475,2,0.0,200,0.446119184306738,0.3545071071299957
Two Moons,DIANA,55,2,200,2,0.4935740807357674,0.806752569458842,276.725975851596,0.0038753999397158623,2,0.0,200,0.47345430633620894,0.37786656324975487
Two Moons,DBSCAN,55,2,200,2,0.10785660403355418,2.016693876166294,102.34593870995681,0.002690299414098263,3,0.005,199,0.9085989476987162,0.8857601570728657
Two Moons,AGNES (single),55,2,200,2,0.37273487905270014,1.0474747318296433,164.221283671161,0.0011493004858493805,2,0.0,200,1.0,1.0
Two Moons,K-Medoids (PAM),55,2,200,2,0.4809873733330444,0.8125933879592757,259.21217524266837,0.0006447006016969681,2,0.0,200,0.43280564146175426,0.35632432433851235
Two Moons,CURE,55,2,200,2,0.31156799986567774,0.9058047990593991,89.68736652939187,0.2832076996564865,2,0.0,200,0.1653658391484466,0.28128373202963786
Two Moons,AGNES (complete),55,2,200,2,0.4330750027978339,0.8489876910459089,202.19288093931507,0.0024896003305912018,2,0.0,200,0.4876571255489929,0.5102432713148244
Two Moons,AGNES (average),55,2,200,2,0.4555514243069086,0.8399753918713926,224.9224218973936,0.0019331006333231926,2,0.0,200,0.5755901313557268,0.5725330469636436
Two Moons,AGNES (complete),55,3,200,2,0.4330750027978339,0.8489876910459089,202.19288093931507,0.002657400444149971,2,0.0,200,0.4876571255489929,0.5102432713148244
Two Moons,K-Means,55,3,200,2,0.49414639750107253,0.8056424593441533,277.38336853711127,0.009160799905657768,2,0.0,200,0.446119184306738,0.3545071071299957
Two Moons,AGNES (single),55,3,200,2,0.37273487905270014,1.0474747318296433,164.221283671161,0.0014142999425530434,2,0.0,200,1.0,1.0
Two Moons,DIANA,55,3,200,2,0.4935740807357674,0.806752569458842,276.725975851596,0.003426400013267994,2,0.0,200,0.47345430633620894,0.37786656324975487
Two Moons,K-Medoids (PAM),55,3,200,2,0.4809873733330444,0.8125933879592757,259.21217524266837,0.0006068004295229912,2,0.0,200,0.43280564146175426,0.35632432433851235
Two Moons,CURE,55,3,200,2,0.31156799986567774,0.9058047990593991,89.68736652939187,0.2351935999467969,2,0.0,200,0.1653658391484466,0.28128373202963786
Two Moons,DBSCAN,55,3,200,2,0.10785660403355418,2.016693876166294,102.34593870995681,0.0023064007982611656,3,0.005,199,0.9085989476987162,0.8857601570728657
Two Moons,AGNES (average),55,3,200,2,0.4555514243069086,0.8399753918713926,224.9224218973936,0.001316700130701065,2,0.0,200,0.5755901313557268,0.5725330469636436
Two Moons,AGNES (ward),55,3,200,2,0.4555514243069086,0.8399753918713926,224.9224218973936,0.0013057999312877655,2,0.0,200,0.5755901313557268,0.5725330469636436
Concentric Circles,DIANA,11,1,200,2,0.3519112786875684,1.179001668054357,115.36904272386616,0.00406700000166893,2,0.0,200,-0.004949492449751288,7.214577140847848e-05
Concentric Circles,DBSCAN,11,1,200,2,0.1469913164537065,0.5862596944189078,34.38406941935791,0.0020507005974650383,10,0.225,155,0.6162366048996326,0.5954859938470682
Concentric Circles,K-Medoids (PAM),11,1,200,2,0.35186261007031205,1.1781947063192437,115.38674764163929,0.001150299794971943,2,0.0,200,-0.0041413953168899734,0.0006501065911548597
Concentric Circles,AGNES (ward),11,1,200,2,0.3252108392072721,1.2023171701110775,100.99993918223302,0.0013715000823140144,2,0.0,200,-0.004726220069166413,7.669320177687753e-05
Concentric Circles,AGNES (complete),11,1,200,2,0.2787008497823894,1.2076498803476758,80.05920969122312,0.001199299469590187,2,0.0,200,0.021635411032445043,0.024948296507753088
Concentric Circles,AGNES (average),11,1,200,2,0.33439200795924084,1.216121956494412,104.56546284829183,0.0012849001213908195,2,0.0,200,0.005050249987374375,0.007325622571953872
Concentric Circles,K-Means,11,1,200,2,0.35201446467566333,1.1780520820972402,115.48749267865527,0.007217300124466419,2,0.0,200,-0.004646455259686344,0.0002887154108149442
Concentric Circles,AGNES (single),11,1,200,2,0.11047891304993335,301.6153425930438,0.001946919228687235,0.001269499771296978,2,0.0,200,1.0,1.0
Concentric Circles,CURE,11,1,200,2,0.26662833635395733,1.228961676334989,60.561220603772504,0.2159382002428174,2,0.0,200,0.13427629161544358,0.25496316325112345
Concentric Circles,DBSCAN,11,2,200,2,0.1469913164537065,0.5862596944189078,34.38406941935791,0.0018688002601265907,10,0.225,155,0.6162366048996326,0.5954859938470682
Concentric Circles,DIANA,11,2,200,2,0.3519112786875684,1.179001668054357,115.36904272386616,0.0036257999017834663,2,0.0,200,-0.004949492449751288,7.214577140847848e-05
Concentric Circles,CURE,11,2,200,2,0.26662833635395733,1.228961676334989,60.561220603772504,0.2231115996837616,2,0.0,200,0.13427629161544358,0.25496316325112345
Concentric Circles,AGNES (complete),11,2,200,2,0.2787008497823894,1.2076498803476758,80.05920969122312,0.0011589005589485168,2,0.0,200,0.021635411032445043,0.024948296507753088
Concentric Circles,AGNES (single),11,2,200,2,0.11047891304993335,301.6153425930438,0.001946919228687235,0.0009556999430060387,2,0.0,200,1.0,1.0
Concentric Circles,K-Medoids (PAM),11,2,200,2,0.35186261007031205,1.1781947063192437,115.38674764163929,0.0010048998519778252,2,0.0,200,-0.0041413953168899734,0.0006501065911548597
Concentric Circles,K-Means,11,2,200,2,0.35201446467566333,1.1780520820972402,115.48749267865527,0.008429499343037605,2,0.0,200,-0.004646455259686344,0.0002887154108149442
Concentric Circles,AGNES (average),11,2,200,2,0.33439200795924084,1.216121956494412,104.56546284829183,0.0012991996482014656,2,0.0,200,0.005050249987374375,0.007325622571953872
Concentric Circles,AGNES (ward),11,2,200,2,0.3252108392072721,1.2023171701110775,100.99993918223302,0.0013300999999046326,2,0.0,200,-0.004726220069166413,7.669320177687753e-05
Concentric Circles,AGNES (complete),11,3,200,2,0.2787008497823894,1.2076498803476758,80.05920969122312,0.0012017004191875458,2,0.0,200,0.021635411032445043,0.024948296507753088
Concentric Circles,AGNES (single),11,3,200,2,0.11047891304993335,301.6153425930438,0.001946919228687235,0.001070200465619564,2,0.0,200,1.0,1.0
Concentric Circles,K-Means,11,3,200,2,0.35201446467566333,1.1780520820972402,115.48749267865527,0.0065796999260783195,2,0.0,200,-0.004646455259686344,0.0002887154108149442
Concentric Circles,AGNES (average),11,3,200,2,0.33439200795924084,1.216121956494412,104.56546284829183,0.001427600160241127,2,0.0,200,0.005050249987374375,0.007325622571953872
Concentric Circles,AGNES (ward),11,3,200,2,0.3252108392072721,1.2023171701110775,100.99993918223302,0.0013771997764706612,2,0.0,200,-0.004726220069166413,7.669320177687753e-05
Concentric Circles,DIANA,11,3,200,2,0.3519112786875684,1.179001668054357,115.36904272386616,0.004990800283849239,2,0.0,200,-0.004949492449751288,7.214577140847848e-05
Concentric Circles,DBSCAN,11,3,200,2,0.1469913164537065,0.5862596944189078,34.38406941935791,0.0018967995420098305,10,0.225,155,0.6162366048996326,0.5954859938470682
Concentric Circles,CURE,11,3,200,2,0.26662833635395733,1.228961676334989,60.561220603772504,0.21345849987119436,2,0.0,200,0.13427629161544358,0.25496316325112345
Concentric Circles,K-Medoids (PAM),11,3,200,2,0.35186261007031205,1.1781947063192437,115.38674764163929,0.0009113997220993042,2,0.0,200,-0.0041413953168899734,0.0006501065911548597
Concentric Circles,DBSCAN,22,1,200,2,0.11358535384509819,0.6201318973643961,37.773056020060174,0.002108599990606308,11,0.16,168,0.5760730765551619,0.5657226289487918
Concentric Circles,K-Means,22,1,200,2,0.3523235299449011,1.1731424731424258,115.5696387751945,0.007963400334119797,2,0.0,200,-0.004646455259686344,0.0002887154108149442
Concentric Circles,AGNES (single),22,1,200,2,0.10560209203657252,330.50469490918437,0.0016312546234456178,0.0012694001197814941,2,0.0,200,1.0,1.0
Concentric Circles,K-Medoids (PAM),22,1,200,2,0.35226614126806494,1.172994227492204,115.0398687740527,0.0006317999213933945,2,0.0,200,-0.005042383495890942,0.0
Concentric Circles,AGNES (ward),22,1,200,2,0.33078157839582856,1.2272820445938886,103.22175981810584,0.0013484004884958267,2,0.0,200,0.007151222601499635,0.008844025816387874
Concentric Circles,CURE,22,1,200,2,0.2550136586847864,1.1493307689822787,54.337004355293914,0.2137149004265666,2,0.0,200,0.09371405423625313,0.21652637231729202
Concentric Circles,DIANA,22,1,200,2,0.34236087553504185,1.2033103481230818,111.67405154923348,0.003459399566054344,2,0.0,200,-0.004949492449751288,7.214577140847848e-05
Concentric Circles,AGNES (complete),22,1,200,2,0.3428686040761138,1.205059952078982,109.84250558326502,0.001217300072312355,2,0.0,200,-0.001424230915305735,0.002604091289721355
Concentric Circles,AGNES (average),22,1,200,2,0.21177448179747155,0.9995127535248473,38.074239634780135,0.001443200744688511,2,0.0,200,0.04229094052534411,0.15344565140605304
Concentric Circles,K-Medoids (PAM),22,2,200,2,0.35226614126806494,1.172994227492204,115.0398687740527,0.0006294995546340942,2,0.0,200,-0.005042383495890942,0.0
Concentric Circles,AGNES (complete),22,2,200,2,0.3428686040761138,1.205059952078982,109.84250558326502,0.00131320022046566,2,0.0,200,-0.001424230915305735,0.002604091289721355
Concentric Circles,AGNES (average),22,2,200,2,0.21177448179747155,0.9995127535248473,38.074239634780135,0.0012028999626636505,2,0.0,200,0.04229094052534411,0.15344565140605304
Concentric Circles,DBSCAN,22,2,200,2,0.11358535384509819,0.6201318973643961,37.773056020060174,0.0019609006121754646,11,0.16,168,0.5760730765551619,0.5657226289487918
Concentric Circles,DIANA,22,2,200,2,0.34236087553504185,1.2033103481230818,111.67405154923348,0.004508299753069878,2,0.0,200,-0.004949492449751288,7.214577140847848e-05
Concentric Circles,K-Means,22,2,200,2,0.3523235299449011,1.1731424731424258,115.5696387751945,0.007142100483179092,2,0.0,200,-0.004646455259686344,0.0002887154108149442
Concentric Circles,CURE,22,2,200,2,0.2550136586847864,1.1493307689822787,54.337004355293914,0.2072303993627429,2,0.0,200,0.09371405423625313,0.21652637231729202
Concentric Circles,AGNES (ward),22,2,200,2,0.33078157839582856,1.2272820445938886,103.22175981810584,0.0012467000633478165,2,0.0,200,0.007151222601499635,0.008844025816387874
Concentric Circles,AGNES (single),22,2,200,2,0.10560209203657252,330.50469490918437,0.0016312546234456178,0.0010046008974313736,2,0.0,200,1.0,1.0
Concentric Circles,DBSCAN,22,3,200,2,0.11358535384509819,0.6201318973643961,37.773056020060174,0.0020829997956752777,11,0.16,168,0.5760730765551619,0.5657226289487918
Concentric Circles,DIANA,22,3,200,2,0.34236087553504185,1.2033103481230818,111.67405154923348,0.004544899798929691,2,0.0,200,-0.004949492449751288,7.214577140847848e-05
Concentric Circles,AGNES (ward),22,3,200,2,0.33078157839582856,1.2272820445938886,103.22175981810584,0.0013600001111626625,2,0.0,200,0.007151222601499635,0.008844025816387874
Concentric Circles,AGNES (complete),22,3,200,2,0.3428686040761138,1.205059952078982,109.84250558326502,0.0013549001887440681,2,0.0,200,-0.001424230915305735,0.002604091289721355
Concentric Circles,AGNES (average),22,3,200,2,0.21177448179747155,0.9995127535248473,38.074239634780135,0.0012337006628513336,2,0.0,200,0.04229094052534411,0.15344565140605304
Concentric Circles,K-Means,22,3,200,2,0.3523235299449011,1.1731424731424258,115.5696387751945,0.0064201997593045235,2,0.0,200,-0.004646455259686344,0.0002887154108149442
Concentric Circles,CURE,22,3,200,2,0.2550136586847864,1.1493307689822787,54.337004355293914,0.2055658996105194,2,0.0,200,0.09371405423625313,0.21652637231729202
Concentric Circles,AGNES (single),22,3,200,2,0.10560209203657252,330.50469490918437,0.0016312546234456178,0.0010158997029066086,2,0.0,200,1.0,1.0
Concentric Circles,K-Medoids (PAM),22,3,200,2,0.35226614126806494,1.172994227492204,115.0398687740527,0.0006350995972752571,2,0.0,200,-0.005042383495890942,0.0
Concentric Circles,AGNES (ward),33,1,200,2,0.3210891610784745,1.2125656278351091,97.92287525742816,0.0015810998156666756,2,0.0,200,-0.0038777518531665023,0.0006990653259997344
Concentric Circles,DBSCAN,33,1,200,2,0.13495600697694896,0.6201246730504338,39.8305484504517,0.0017903000116348267,11,0.15,170,0.5696131095034891,0.5593834417711666
Concentric Circles,AGNES (single),33,1,200,2,0.10622124608876135,348.6358066113782,0.0014654586524969644,0.000995599664747715,2,0.0,200,1.0,1.0
Concentric Circles,K-Means,33,1,200,2,0.3522692819661091,1.1796340772187146,115.64180373801575,0.006124800071120262,2,0.0,200,-0.005048474649546162,0.0
Concentric Circles,AGNES (average),33,1,200,2,0.3075816537708954,1.230061487228539,92.6653735257792,0.001341099850833416,2,0.0,200,-0.004305600714099631,0.00031731314281882204
Concentric Circles,K-Medoids (PAM),33,1,200,2,0.3484973984773114,1.1910352101301984,113.45277630794,0.0017809998244047165,2,0.0,200,-0.004145452451791691,0.0006493985941494566
Concentric Circles,CURE,33,1,200,2,0.2569664925587249,1.300163907812537,57.675072861607894,0.1992131993174553,2,0.0,200,0.1417450162411964,0.26148008240576276
Concentric Circles,DIANA,33,1,200,2,0.3438543896060985,1.198407962648124,111.58171161754846,0.003622700460255146,2,0.0,200,-0.004646455259686344,0.0002887154108149442
Concentric Circles,AGNES (complete),33,1,200,2,0.3331747774810891,1.2220966359039762,105.19897109100066,0.0012697996571660042,2,0.0,200,-0.001399954748937408,0.002621256503007659
Concentric Circles,CURE,33,2,200,2,0.2569664925587249,1.300163907812537,57.675072861607894,0.22079170029610395,2,0.0,200,0.1417450162411964,0.26148008240576276
Concentric Circles,AGNES (ward),33,2,200,2,0.3210891610784745,1.2125656278351091,97.92287525742816,0.00127360038459301,2,0.0,200,-0.0038777518531665023,0.0006990653259997344
Concentric Circles,AGNES (average),33,2,200,2,0.3075816537708954,1.230061487228539,92.6653735257792,0.001323300413787365,2,0.0,200,-0.004305600714099631,0.00031731314281882204
Concentric Circles,AGNES (single),33,2,200,2,0.10622124608876135,348.6358066113782,0.0014654586524969644,0.0009893998503684998,2,0.0,200,1.0,1.0
Concentric Circles,AGNES (complete),33,2,200,2,0.3331747774810891,1.2220966359039762,105.19897109100066,0.0011894991621375084,2,0.0,200,-0.001399954748937408,0.002621256503007659
Concentric Circles,DBSCAN,33,2,200,2,0.13495600697694896,0.6201246730504338,39.8305484504517,0.0017375005409121513,11,0.15,170,0.5696131095034891,0.5593834417711666
Concentric Circles,DIANA,33,2,200,2,0.3438543896060985,1.198407962648124,111.58171161754846,0.005056600086390972,2,0.0,200,-0.004646455259686344,0.0002887154108149442
Concentric Circles,K-Medoids (PAM),33,2,200,2,0.3484973984773114,1.1910352101301984,113.45277630794,0.0006161993369460106,2,0.0,200,-0.004145452451791691,0.0006493985941494566
Concentric Circles,K-Means,33,2,200,2,0.3522692819661091,1.1796340772187146,115.64180373801575,0.00811230018734932,2,0.0,200,-0.005048474649546162,0.0
Concentric Circles,AGNES (ward),33,3,200,2,0.3210891610784745,1.2125656278351091,97.92287525742816,0.0020942995324730873,2,0.0,200,-0.0038777518531665023,0.0006990653259997344
Concentric Circles,K-Medoids (PAM),33,3,200,2,0.3484973984773114,1.1910352101301984,113.45277630794,0.0006233006715774536,2,0.0,200,-0.004145452451791691,0.0006493985941494566
Concentric Circles,AGNES (single),33,3,200,2,0.10622124608876135,348.6358066113782,0.0014654586524969644,0.0010128999128937721,2,0.0,200,1.0,1.0
Concentric Circles,AGNES (average),33,3,200,2,0.3075816537708954,1.230061487228539,92.6653735257792,0.0013025999069213867,2,0.0,200,-0.004305600714099631,0.00031731314281882204
Concentric Circles,DBSCAN,33,3,200,2,0.13495600697694896,0.6201246730504338,39.8305484504517,0.0020153000950813293,11,0.15,170,0.5696131095034891,0.5593834417711666
Concentric Circles,CURE,33,3,200,2,0.2569664925587249,1.300163907812537,57.675072861607894,0.21176480036228895,2,0.0,200,0.1417450162411964,0.26148008240576276
Concentric Circles,AGNES (complete),33,3,200,2,0.3331747774810891,1.2220966359039762,105.19897109100066,0.0011966004967689514,2,0.0,200,-0.001399954748937408,0.002621256503007659
Concentric Circles,K-Means,33,3,200,2,0.3522692819661091,1.1796340772187146,115.64180373801575,0.005747299641370773,2,0.0,200,-0.005048474649546162,0.0
Concentric Circles,DIANA,33,3,200,2,0.3438543896060985,1.198407962648124,111.58171161754846,0.0036049997434020042,2,0.0,200,-0.004646455259686344,0.0002887154108149442
Concentric Circles,AGNES (ward),44,1,200,2,0.3375320488215437,1.2052495526397395,107.67898466869586,0.0012790001928806305,2,0.0,200,-0.004888590141713562,7.334028222835207e-05
Concentric Circles,K-Medoids (PAM),44,1,200,2,0.3474139676315323,1.1882601572531462,113.03724165439911,0.001032799482345581,2,0.0,200,-0.004648484848484849,0.0002885582471880403
Concentric Circles,CURE,44,1,200,2,0.27010703848952616,1.228116200945095,59.67560688291307,0.20889700017869473,2,0.0,200,0.1270099833879006,0.24848318906714337
Concentric Circles,DBSCAN,44,1,200,2,0.16432180819544026,0.5804906743015791,38.15214877190845,0.0019060997292399406,13,0.135,173,0.5559852439167602,0.5372821037858176
Concentric Circles,DIANA,44,1,200,2,0.34773126614262906,1.1843510251863223,113.53074135572895,0.0029624998569488525,2,0.0,200,-0.004648484848484849,0.0002885582471880403
Concentric Circles,AGNES (average),44,1,200,2,0.3156027940071354,1.178064953160594,96.29643168426804,0.0012662000954151154,2,0.0,200,0.007592274658612663,0.01004109808223826
Concentric Circles,K-Means,44,1,200,2,0.3474537466205604,1.1871693765816989,113.34508135817458,0.008572599850594997,2,0.0,200,-0.004949492449751288,7.214577140847848e-05
Concentric Circles,AGNES (single),44,1,200,2,0.2735034210526337,1.4482833837467526,60.64202143247318,0.001039799302816391,2,0.0,200,0.20878342804233765,0.315320924650226
Concentric Circles,AGNES (complete),44,1,200,2,0.27761513757229195,1.2254812755265576,79.02064714496997,0.0013550007715821266,2,0.0,200,-0.00417860825093451,9.015704238283904e-05
Concentric Circles,K-Medoids (PAM),44,2,200,2,0.3474139676315323,1.1882601572531462,113.03724165439911,0.0010366002097725868,2,0.0,200,-0.004648484848484849,0.0002885582471880403
Concentric Circles,DIANA,44,2,200,2,0.34773126614262906,1.1843510251863223,113.53074135572895,0.0035148002207279205,2,0.0,200,-0.004648484848484849,0.0002885582471880403
Concentric Circles,K-Means,44,2,200,2,0.3474537466205604,1.1871693765816989,113.34508135817458,0.0069732991978526115,2,0.0,200,-0.004949492449751288,7.214577140847848e-05
Concentric Circles,AGNES (ward),44,2,200,2,0.3375320488215437,1.2052495526397395,107.67898466869586,0.001275000162422657,2,0.0,200,-0.004888590141713562,7.334028222835207e-05
Concentric Circles,DBSCAN,44,2,200,2,0.16432180819544026,0.5804906743015791,38.15214877190845,0.003048200160264969,13,0.135,173,0.5559852439167602,0.5372821037858176
Concentric Circles,AGNES (average),44,2,200,2,0.3156027940071354,1.178064953160594,96.29643168426804,0.0011847000569105148,2,0.0,200,0.007592274658612663,0.01004109808223826
Concentric Circles,CURE,44,2,200,2,0.27010703848952616,1.228116200945095,59.67560688291307,0.20894380006939173,2,0.0,200,0.1270099833879006,0.24848318906714337
Concentric Circles,AGNES (complete),44,2,200,2,0.27761513757229195,1.2254812755265576,79.02064714496997,0.0017681000754237175,2,0.0,200,-0.00417860825093451,9.015704238283904e-05
Concentric Circles,AGNES (single),44,2,200,2,0.2735034210526337,1.4482833837467526,60.64202143247318,0.0012662997469305992,2,0.0,200,0.20878342804233765,0.315320924650226
Concentric Circles,AGNES (ward),44,3,200,2,0.3375320488215437,1.2052495526397395,107.67898466869586,0.0014479998499155045,2,0.0,200,-0.004888590141713562,7.334028222835207e-05
Concentric Circles,DIANA,44,3,200,2,0.34773126614262906,1.1843510251863223,113.53074135572895,0.0066763004288077354,2,0.0,200,-0.004648484848484849,0.0002885582471880403
Concentric Circles,K-Means,44,3,200,2,0.3474537466205604,1.1871693765816989,113.34508135817458,0.007445700466632843,2,0.0,200,-0.004949492449751288,7.214577140847848e-05
Concentric Circles,DBSCAN,44,3,200,2,0.16432180819544026,0.5804906743015791,38.15214877190845,0.0027979006990790367,13,0.135,173,0.5559852439167602,0.5372821037858176
Concentric Circles,AGNES (single),44,3,200,2,0.2735034210526337,1.4482833837467526,60.64202143247318,0.001594499684870243,2,0.0,200,0.20878342804233765,0.315320924650226
Concentric Circles,K-Medoids (PAM),44,3,200,2,0.3474139676315323,1.1882601572531462,113.03724165439911,0.001066800206899643,2,0.0,200,-0.004648484848484849,0.0002885582471880403
Concentric Circles,AGNES (complete),44,3,200,2,0.27761513757229195,1.2254812755265576,79.02064714496997,0.0026444001123309135,2,0.0,200,-0.00417860825093451,9.015704238283904e-05
Concentric Circles,CURE,44,3,200,2,0.27010703848952616,1.228116200945095,59.67560688291307,0.242892200127244,2,0.0,200,0.1270099833879006,0.24848318906714337
Concentric Circles,AGNES (average),44,3,200,2,0.3156027940071354,1.178064953160594,96.29643168426804,0.0017309002578258514,2,0.0,200,0.007592274658612663,0.01004109808223826
Concentric Circles,AGNES (complete),55,1,200,2,0.34709996843692253,1.189246100014929,113.68380201990419,0.001214800402522087,2,0.0,200,-0.00012525246199370605,0.0035379779593873455
Concentric Circles,DBSCAN,55,1,200,2,0.1411391620578298,0.5871096800725766,35.21338756186782,0.001968400552868843,15,0.11,178,0.5438700219491848,0.5196603741475538
Concentric Circles,K-Medoids (PAM),55,1,200,2,0.34735710590493446,1.1899041862714346,112.55191376421172,0.0017639994621276855,2,0.0,200,-0.0034403970901068885,0.001155093248376121
Concentric Circles,K-Means,55,1,200,2,0.3470629078828748,1.1850694419831653,113.85773495670574,0.006932700052857399,2,0.0,200,-0.004937311397583364,7.238205433050518e-05
Concentric Circles,AGNES (single),55,1,200,2,0.11122931854101065,146.72198732935854,0.008225985129791774,0.0021612998098134995,2,0.0,200,1.0,1.0
Concentric Circles,AGNES (ward),55,1,200,2,0.3107446236443295,1.2693895969120481,93.2346050462967,0.0012543005868792534,2,0.0,200,-0.0013028618522049674,0.002691855504576795
Concentric Circles,AGNES (average),55,1,200,2,0.31406670230610956,1.23699668036442,92.44927420275557,0.001228800043463707,2,0.0,200,0.005243162782430961,0.007732529675430865
Concentric Circles,CURE,55,1,200,2,0.24829430875504474,1.1363394491881298,51.12738440105146,0.21454109996557236,2,0.0,200,0.08181191219727955,0.20388923946906712
Concentric Circles,DIANA,55,1,200,2,0.34858110846311097,1.1872013424693963,112.78705881092894,0.0032712994143366814,2,0.0,200,-0.002525220641153521,0.0018102850354919325
Concentric Circles,AGNES (ward),55,2,200,2,0.3107446236443295,1.2693895969120481,93.2346050462967,0.0021501006558537483,2,0.0,200,-0.0013028618522049674,0.002691855504576795
Concentric Circles,K-Means,55,2,200,2,0.3470629078828748,1.1850694419831653,113.85773495670574,0.007845299318432808,2,0.0,200,-0.004937311397583364,7.238205433050518e-05
Concentric Circles,DIANA,55,2,200,2,0.34858110846311097,1.1872013424693963,112.78705881092894,0.002867099829018116,2,0.0,200,-0.002525220641153521,0.0018102850354919325
Concentric Circles,DBSCAN,55,2,200,2,0.1411391620578298,0.5871096800725766,35.21338756186782,0.0019449004903435707,15,0.11,178,0.5438700219491848,0.5196603741475538
Concentric Circles,AGNES (single),55,2,200,2,0.11122931854101065,146.72198732935854,0.008225985129791774,0.0009903991594910622,2,0.0,200,1.0,1.0
Concentric Circles,K-Medoids (PAM),55,2,200,2,0.34735710590493446,1.1899041862714346,112.55191376421172,0.00077039934694767,2,0.0,200,-0.0034403970901068885,0.001155093248376121
Concentric Circles,CURE,55,2,200,2,0.24829430875504474,1.1363394491881298,51.12738440105146,0.21047049947082996,2,0.0,200,0.08181191219727955,0.20388923946906712
Concentric Circles,AGNES (complete),55,2,200,2,0.34709996843692253,1.189246100014929,113.68380201990419,0.0012012002989649773,2,0.0,200,-0.00012525246199370605,0.0035379779593873455
Concentric Circles,AGNES (average),55,2,200,2,0.31406670230610956,1.23699668036442,92.44927420275557,0.0013119997456669807,2,0.0,200,0.005243162782430961,0.007732529675430865
Concentric Circles,AGNES (complete),55,3,200,2,0.34709996843692253,1.189246100014929,113.68380201990419,0.0011831000447273254,2,0.0,200,-0.00012525246199370605,0.0035379779593873455
Concentric Circles,K-Means,55,3,200,2,0.3470629078828748,1.1850694419831653,113.85773495670574,0.007757700048387051,2,0.0,200,-0.004937311397583364,7.238205433050518e-05
Concentric Circles,AGNES (single),55,3,200,2,0.11122931854101065,146.72198732935854,0.008225985129791774,0.0019522998481988907,2,0.0,200,1.0,1.0
Concentric Circles,DIANA,55,3,200,2,0.34858110846311097,1.1872013424693963,112.78705881092894,0.0033963005989789963,2,0.0,200,-0.002525220641153521,0.0018102850354919325
Concentric Circles,K-Medoids (PAM),55,3,200,2,0.34735710590493446,1.1899041862714346,112.55191376421172,0.0007681995630264282,2,0.0,200,-0.0034403970901068885,0.001155093248376121
Concentric Circles,CURE,55,3,200,2,0.24829430875504474,1.1363394491881298,51.12738440105146,0.24230890069156885,2,0.0,200,0.08181191219727955,0.20388923946906712
Concentric Circles,DBSCAN,55,3,200,2,0.1411391620578298,0.5871096800725766,35.21338756186782,0.0031880997121334076,15,0.11,178,0.5438700219491848,0.5196603741475538
Concentric Circles,AGNES (average),55,3,200,2,0.31406670230610956,1.23699668036442,92.44927420275557,0.0013873996213078499,2,0.0,200,0.005243162782430961,0.007732529675430865
Concentric Circles,AGNES (ward),55,3,200,2,0.3107446236443295,1.2693895969120481,93.2346050462967,0.0012611998245120049,2,0.0,200,-0.0013028618522049674,0.002691855504576795
Anisotropic Blobs,DIANA,11,1,200,3,0.48198068879908734,0.6377130645579765,438.75090966264173,0.007790300063788891,3,0.0,200,0.5506394745938472,0.6066030540442909
Anisotropic Blobs,DBSCAN,11,1,200,3,0.4079983831971343,0.5614421222713298,198.9197563290985,0.002643800340592861,3,0.035,193,0.5255597606784415,0.6545769980434093
Anisotropic Blobs,K-Medoids (PAM),11,1,200,3,0.5771768944901823,0.5429825680808121,650.8864947867082,0.0018983008340001106,3,0.0,200,0.7155133824595368,0.6731382611867505
Anisotropic Blobs,AGNES (ward),11,1,200,3,0.5515612292480842,0.5565128695145858,567.8114966322254,0.00133419968187809,3,0.0,200,0.693357704854246,0.6917493088405221
Anisotropic Blobs,AGNES (complete),11,1,200,3,0.4752849117599567,0.7104896916220887,410.0873203205905,0.0012172991409897804,3,0.0,200,0.41623357677044004,0.5348980071953565
Anisotropic Blobs,AGNES (average),11,1,200,3,0.5732098973270421,0.5461557205248742,645.4810897216767,0.001371900551021099,3,0.0,200,0.7523239511828236,0.7037260008843323
Anisotropic Blobs,K-Means,11,1,200,3,0.5771768944901823,0.5429825680808121,650.886494786708,0.008561300113797188,3,0.0,200,0.7155133824595368,0.6731382611867504
Anisotropic Blobs,AGNES (single),11,1,200,3,0.2901869132241299,0.630421660463678,165.92405725953176,0.0011588996276259422,3,0.0,200,0.5493251598459853,0.7094997834835689
Anisotropic Blobs,CURE,11,1,200,3,0.38412584365853447,0.6256285349181373,199.04407898975282,0.21843119990080595,3,0.0,200,0.5645302340154239,0.7116099474103601
Anisotropic Blobs,DBSCAN,11,2,200,3,0.4079983831971343,0.5614421222713298,198.9197563290985,0.0021206997334957123,3,0.035,193,0.5255597606784415,0.6545769980434093
Anisotropic Blobs,DIANA,11,2,200,3,0.48198068879908734,0.6377130645579765,438.75090966264173,0.005699499510228634,3,0.0,200,0.5506394745938472,0.6066030540442909
Anisotropic Blobs,CURE,11,2,200,3,0.38412584365853447,0.6256285349181373,199.04407898975282,0.20814280025660992,3,0.0,200,0.5645302340154239,0.7116099474103601
Anisotropic Blobs,AGNES (complete),11,2,200,3,0.4752849117599567,0.7104896916220887,410.0873203205905,0.0012869993224740028,3,0.0,200,0.41623357677044004,0.5348980071953565
Anisotropic Blobs,AGNES (single),11,2,200,3,0.2901869132241299,0.630421660463678,165.92405725953176,0.0009936997666954994,3,0.0,200,0.5493251598459853,0.7094997834835689
Anisotropic Blobs,K-Medoids (PAM),11,2,200,3,0.5771768944901823,0.5429825680808121,650.8864947867082,0.0008896999061107635,3,0.0,200,0.7155133824595368,0.6731382611867505
Anisotropic Blobs,K-Means,11,2,200,3,0.5771768944901823,0.5429825680808121,650.886494786708,0.010069499723613262,3,0.0,200,0.7155133824595368,0.6731382611867504
Anisotropic Blobs,AGNES (average),11,2,200,3,0.5732098973270421,0.5461557205248742,645.4810897216767,0.0012199003249406815,3,0.0,200,0.7523239511828236,0.7037260008843323
Anisotropic Blobs,AGNES (ward),11,2,200,3,0.5515612292480842,0.5565128695145858,567.8114966322254,0.0012662000954151154,3,0.0,200,0.693357704854246,0.6917493088405221
Anisotropic Blobs,AGNES (complete),11,3,200,3,0.4752849117599567,0.7104896916220887,410.0873203205905,0.0011947005987167358,3,0.0,200,0.41623357677044004,0.5348980071953565
Anisotropic Blobs,AGNES (single),11,3,200,3,0.2901869132241299,0.630421660463678,165.92405725953176,0.0011774003505706787,3,0.0,200,0.5493251598459853,0.7094997834835689
Anisotropic Blobs,K-Means,11,3,200,3,0.5771768944901823,0.5429825680808121,650.886494786708,0.008797499351203442,3,0.0,200,0.7155133824595368,0.6731382611867504
Anisotropic Blobs,AGNES (average),11,3,200,3,0.5732098973270421,0.5461557205248742,645.4810897216767,0.0022620996460318565,3,0.0,200,0.7523239511828236,0.7037260008843323
Anisotropic Blobs,AGNES (ward),11,3,200,3,0.5515612292480842,0.5565128695145858,567.8114966322254,0.0015775999054312706,3,0.0,200,0.693357704854246,0.6917493088405221
Anisotropic Blobs,DIANA,11,3,200,3,0.48198068879908734,0.6377130645579765,438.75090966264173,0.005277300253510475,3,0.0,200,0.5506394745938472,0.6066030540442909
Anisotropic Blobs,DBSCAN,11,3,200,3,0.4079983831971343,0.5614421222713298,198.9197563290985,0.0018049003556370735,3,0.035,193,0.5255597606784415,0.6545769980434093
Anisotropic Blobs,CURE,11,3,200,3,0.38412584365853447,0.6256285349181373,199.04407898975282,0.21597670018672943,3,0.0,200,0.5645302340154239,0.7116099474103601
Anisotropic Blobs,K-Medoids (PAM),11,3,200,3,0.5771768944901823,0.5429825680808121,650.8864947867082,0.0007769996300339699,3,0.0,200,0.7155133824595368,0.6731382611867505
Anisotropic Blobs,DBSCAN,22,1,200,3,0.3064940192961185,0.7119078224405501,106.15196450204205,0.003136199899017811,3,0.085,183,0.44826678890860017,0.5654715577617481
Anisotropic Blobs,K-Means,22,1,200,3,0.4446882300138024,0.7711592429468926,317.03968350007193,0.009683900512754917,3,0.0,200,0.3333709832269724,0.3752701906389621
Anisotropic Blobs,AGNES (single),22,1,200,3,0.3504589925590804,0.7006388491256267,98.02560082691092,0.0011301003396511078,3,0.0,200,0.5670724424280755,0.7132115011951913
Anisotropic Blobs,K-Medoids (PAM),22,1,200,3,0.4432985196361317,0.7747233740535023,311.00403275831906,0.0013605998829007149,3,0.0,200,0.37345202464988025,0.39165981749788104
Anisotropic Blobs,AGNES (ward),22,1,200,3,0.3970538547636916,0.8975255386439942,218.54961848413745,0.0014541000127792358,3,0.0,200,0.3502107337158839,0.4653369377592965
Anisotropic Blobs,CURE,22,1,200,3,0.3504589925590804,0.7006388491256267,98.02560082691092,0.2034701993688941,3,0.0,200,0.5670724424280755,0.7132115011951913
Anisotropic Blobs,DIANA,22,1,200,3,0.39053453874756466,0.8024494815458821,261.3471933963368,0.0062998998910188675,3,0.0,200,0.281918066626298,0.30139644515214603
Anisotropic Blobs,AGNES (complete),22,1,200,3,0.4170848329606903,0.6502547323570834,261.93500940590513,0.001325099729001522,3,0.0,200,0.21347629174791694,0.30368782253889554
Anisotropic Blobs,AGNES (average),22,1,200,3,0.2989041670329057,0.5233776822001931,76.18709240834716,0.0013583004474639893,3,0.0,200,0.08263931827052944,0.23091067294172526
Anisotropic Blobs,K-Medoids (PAM),22,2,200,3,0.4432985196361317,0.7747233740535023,311.00403275831906,0.0012066001072525978,3,0.0,200,0.37345202464988025,0.39165981749788104
Anisotropic Blobs,AGNES (complete),22,2,200,3,0.4170848329606903,0.6502547323570834,261.93500940590513,0.0012143002822995186,3,0.0,200,0.21347629174791694,0.30368782253889554
Anisotropic Blobs,AGNES (average),22,2,200,3,0.2989041670329057,0.5233776822001931,76.18709240834716,0.0012099994346499443,3,0.0,200,0.08263931827052944,0.23091067294172526
Anisotropic Blobs,DBSCAN,22,2,200,3,0.3064940192961185,0.7119078224405501,106.15196450204205,0.0028363000601530075,3,0.085,183,0.44826678890860017,0.5654715577617481
Anisotropic Blobs,DIANA,22,2,200,3,0.39053453874756466,0.8024494815458821,261.3471933963368,0.005346400663256645,3,0.0,200,0.281918066626298,0.30139644515214603
Anisotropic Blobs,K-Means,22,2,200,3,0.4446882300138024,0.7711592429468926,317.03968350007193,0.010114199481904507,3,0.0,200,0.3333709832269724,0.3752701906389621
Anisotropic Blobs,CURE,22,2,200,3,0.3504589925590804,0.7006388491256267,98.02560082691092,0.21420499961823225,3,0.0,200,0.5670724424280755,0.7132115011951913
Anisotropic Blobs,AGNES (ward),22,2,200,3,0.3970538547636916,0.8975255386439942,218.54961848413745,0.001464799977838993,3,0.0,200,0.3502107337158839,0.4653369377592965
Anisotropic Blobs,AGNES (single),22,2,200,3,0.3504589925590804,0.7006388491256267,98.02560082691092,0.0010214000940322876,3,0.0,200,0.5670724424280755,0.7132115011951913
Anisotropic Blobs,DBSCAN,22,3,200,3,0.3064940192961185,0.7119078224405501,106.15196450204205,0.0020250994712114334,3,0.085,183,0.44826678890860017,0.5654715577617481
Anisotropic Blobs,DIANA,22,3,200,3,0.39053453874756466,0.8024494815458821,261.3471933963368,0.006455599330365658,3,0.0,200,0.281918066626298,0.30139644515214603
Anisotropic Blobs,AGNES (ward),22,3,200,3,0.3970538547636916,0.8975255386439942,218.54961848413745,0.001512099988758564,3,0.0,200,0.3502107337158839,0.4653369377592965
Anisotropic Blobs,AGNES (complete),22,3,200,3,0.4170848329606903,0.6502547323570834,261.93500940590513,0.0014308001846075058,3,0.0,200,0.21347629174791694,0.30368782253889554
Anisotropic Blobs,AGNES (average),22,3,200,3,0.2989041670329057,0.5233776822001931,76.18709240834716,0.0012485003098845482,3,0.0,200,0.08263931827052944,0.23091067294172526
Anisotropic Blobs,K-Means,22,3,200,3,0.4446882300138024,0.7711592429468926,317.03968350007193,0.012442699633538723,3,0.0,200,0.3333709832269724,0.3752701906389621
Anisotropic Blobs,CURE,22,3,200,3,0.3504589925590804,0.7006388491256267,98.02560082691092,0.21801050007343292,3,0.0,200,0.5670724424280755,0.7132115011951913
Anisotropic Blobs,AGNES (single),22,3,200,3,0.3504589925590804,0.7006388491256267,98.02560082691092,0.0012009991332888603,3,0.0,200,0.5670724424280755,0.7132115011951913
Anisotropic Blobs,K-Medoids (PAM),22,3,200,3,0.4432985196361317,0.7747233740535023,311.00403275831906,0.001276000402867794,3,0.0,200,0.37345202464988025,0.39165981749788104
Anisotropic Blobs,AGNES (ward),33,1,200,3,0.7990787764915973,0.2613477879625229,3106.567888119941,0.0015898002311587334,3,0.0,200,0.9848865697285946,0.9763112474994169
Anisotropic Blobs,DBSCAN,33,1,200,3,0.7453268616276623,0.32225966241075,872.1844449034518,0.0022506006062030792,2,0.0,200,0.5652738126135479,0.7319842133941145
Anisotropic Blobs,AGNES (single),33,1,200,3,0.64667224373552,0.3115534982597633,443.21867691991224,0.0009874999523162842,3,0.0,200,0.5441336688176905,0.7070842058779533
Anisotropic Blobs,K-Means,33,1,200,3,0.7990787764915973,0.2613477879625229,3106.5678881199415,0.007212099619209766,3,0.0,200,0.9848865697285946,0.9763112474994169
Anisotropic Blobs,AGNES (average),33,1,200,3,0.7990787764915973,0.2613477879625229,3106.567888119941,0.0024174004793167114,3,0.0,200,0.9848865697285946,0.9763112474994169
Anisotropic Blobs,K-Medoids (PAM),33,1,200,3,0.7990787764915973,0.2613477879625229,3106.5678881199415,0.000840499997138977,3,0.0,200,0.9848865697285946,0.9763112474994169
Anisotropic Blobs,CURE,33,1,200,3,0.7990787764915973,0.2613477879625229,3106.567888119941,0.21524479985237122,3,0.0,200,0.9848865697285946,0.9763112474994169
Anisotropic Blobs,DIANA,33,1,200,3,0.7990787764915973,0.2613477879625229,3106.567888119941,0.004492499865591526,3,0.0,200,0.9848865697285946,0.9763112474994169
Anisotropic Blobs,AGNES (complete),33,1,200,3,0.7502101687202564,0.3104057780791033,2191.8355383122152,0.001232699491083622,3,0.0,200,0.8596297394773246,0.8676352447721191
Anisotropic Blobs,CURE,33,2,200,3,0.7990787764915973,0.2613477879625229,3106.567888119941,0.21385800000280142,3,0.0,200,0.9848865697285946,0.9763112474994169
Anisotropic Blobs,AGNES (ward),33,2,200,3,0.7990787764915973,0.2613477879625229,3106.567888119941,0.001290000043809414,3,0.0,200,0.9848865697285946,0.9763112474994169
Anisotropic Blobs,AGNES (average),33,2,200,3,0.7990787764915973,0.2613477879625229,3106.567888119941,0.0013231998309493065,3,0.0,200,0.9848865697285946,0.9763112474994169
Anisotropic Blobs,AGNES (single),33,2,200,3,0.64667224373552,0.3115534982597633,443.21867691991224,0.0015099002048373222,3,0.0,200,0.5441336688176905,0.7070842058779533
Anisotropic Blobs,AGNES (complete),33,2,200,3,0.7502101687202564,0.3104057780791033,2191.8355383122152,0.0013106996193528175,3,0.0,200,0.8596297394773246,0.8676352447721191
Anisotropic Blobs,DBSCAN,33,2,200,3,0.7453268616276623,0.32225966241075,872.1844449034518,0.001938999630510807,2,0.0,200,0.5652738126135479,0.7319842133941145
Anisotropic Blobs,DIANA,33,2,200,3,0.7990787764915973,0.2613477879625229,3106.567888119941,0.004444099962711334,3,0.0,200,0.9848865697285946,0.9763112474994169
Anisotropic Blobs,K-Medoids (PAM),33,2,200,3,0.7990787764915973,0.2613477879625229,3106.5678881199415,0.0007533002644777298,3,0.0,200,0.9848865697285946,0.9763112474994169
Anisotropic Blobs,K-Means,33,2,200,3,0.7990787764915973,0.2613477879625229,3106.5678881199415,0.007811400108039379,3,0.0,200,0.9848865697285946,0.9763112474994169
Anisotropic Blobs,AGNES (ward),33,3,200,3,0.7990787764915973,0.2613477879625229,3106.567888119941,0.0012762006372213364,3,0.0,200,0.9848865697285946,0.9763112474994169
Anisotropic Blobs,K-Medoids (PAM),33,3,200,3,0.7990787764915973,0.2613477879625229,3106.5678881199415,0.0008149994537234306,3,0.0,200,0.9848865697285946,0.9763112474994169
Anisotropic Blobs,AGNES (single),33,3,200,3,0.64667224373552,0.3115534982597633,443.21867691991224,0.0017548007890582085,3,0.0,200,0.5441336688176905,0.7070842058779533
Anisotropic Blobs,AGNES (average),33,3,200,3,0.7990787764915973,0.2613477879625229,3106.567888119941,0.0012616002932190895,3,0.0,200,0.9848865697285946,0.9763112474994169
Anisotropic Blobs,DBSCAN,33,3,200,3,0.7453268616276623,0.32225966241075,872.1844449034518,0.002172200009226799,2,0.0,200,0.5652738126135479,0.7319842133941145
Anisotropic Blobs,CURE,33,3,200,3,0.7990787764915973,0.2613477879625229,3106.567888119941,0.22350800037384033,3,0.0,200,0.9848865697285946,0.9763112474994169
Anisotropic Blobs,AGNES (complete),33,3,200,3,0.7502101687202564,0.3104057780791033,2191.8355383122152,0.0013226000592112541,3,0.0,200,0.8596297394773246,0.8676352447721191
Anisotropic Blobs,K-Means,33,3,200,3,0.7990787764915973,0.2613477879625229,3106.5678881199415,0.006790700368583202,3,0.0,200,0.9848865697285946,0.9763112474994169
Anisotropic Blobs,DIANA,33,3,200,3,0.7990787764915973,0.2613477879625229,3106.567888119941,0.005973200313746929,3,0.0,200,0.9848865697285946,0.9763112474994169
Anisotropic Blobs,AGNES (ward),44,1,200,3,0.7943204067412181,0.27563038438601,3519.302314966091,0.0012960992753505707,3,0.0,200,0.9848865697285946,0.9763112474994169
Anisotropic Blobs,K-Medoids (PAM),44,1,200,3,0.7969580686661633,0.274131279819239,3572.3934871856304,0.0009467005729675293,3,0.0,200,1.0,1.0
Anisotropic Blobs,CURE,44,1,200,3,0.7943204067412181,0.27563038438601,3519.302314966091,0.21880679950118065,3,0.0,200,0.9848865697285946,0.9763112474994169
Anisotropic Blobs,DBSCAN,44,1,200,3,0.7772841119444794,0.2805748103395896,1134.278615551963,0.002132500521838665,2,0.0,200,0.5652738126135479,0.7319842133941145
Anisotropic Blobs,DIANA,44,1,200,3,0.7969580686661633,0.274131279819239,3572.3934871856304,0.006318000145256519,3,0.0,200,1.0,1.0
Anisotropic Blobs,AGNES (average),44,1,200,3,0.7943204067412181,0.27563038438601,3519.302314966091,0.0013305004686117172,3,0.0,200,0.9848865697285946,0.9763112474994169
Anisotropic Blobs,K-Means,44,1,200,3,0.7969580686661633,0.274131279819239,3572.3934871856304,0.007026299834251404,3,0.0,200,1.0,1.0
Anisotropic Blobs,AGNES (single),44,1,200,3,0.6577931856505781,0.3705795206566988,579.0661197116743,0.002308300696313381,3,0.0,200,0.5247774323672728,0.6918454049872294
Anisotropic Blobs,AGNES (complete),44,1,200,3,0.7738915009135817,0.2901384235876118,3042.129679532155,0.001709500327706337,3,0.0,200,0.9128463167355498,0.9067226878428871
Anisotropic Blobs,K-Medoids (PAM),44,2,200,3,0.7969580686661633,0.274131279819239,3572.3934871856304,0.0010545998811721802,3,0.0,200,1.0,1.0
Anisotropic Blobs,DIANA,44,2,200,3,0.7969580686661633,0.274131279819239,3572.3934871856304,0.0052049001678824425,3,0.0,200,1.0,1.0
Anisotropic Blobs,K-Means,44,2,200,3,0.7969580686661633,0.274131279819239,3572.3934871856304,0.00772939994931221,3,0.0,200,1.0,1.0
Anisotropic Blobs,AGNES (ward),44,2,200,3,0.7943204067412181,0.27563038438601,3519.302314966091,0.0014833007007837296,3,0.0,200,0.9848865697285946,0.9763112474994169
Anisotropic Blobs,DBSCAN,44,2,200,3,0.7772841119444794,0.2805748103395896,1134.278615551963,0.0021539004519581795,2,0.0,200,0.5652738126135479,0.7319842133941145
Anisotropic Blobs,AGNES (average),44,2,200,3,0.7943204067412181,0.27563038438601,3519.302314966091,0.0013458998873829842,3,0.0,200,0.9848865697285946,0.9763112474994169
Anisotropic Blobs,CURE,44,2,200,3,0.7943204067412181,0.27563038438601,3519.302314966091,0.21362920012325048,3,0.0,200,0.9848865697285946,0.9763112474994169
Anisotropic Blobs,AGNES (complete),44,2,200,3,0.7738915009135817,0.2901384235876118,3042.129679532155,0.001287500374019146,3,0.0,200,0.9128463167355498,0.9067226878428871
Anisotropic Blobs,AGNES (single),44,2,200,3,0.6577931856505781,0.3705795206566988,579.0661197116743,0.0010783998295664787,3,0.0,200,0.5247774323672728,0.6918454049872294
Anisotropic Blobs,AGNES (ward),44,3,200,3,0.7943204067412181,0.27563038438601,3519.302314966091,0.0013196999207139015,3,0.0,200,0.9848865697285946,0.9763112474994169
Anisotropic Blobs,DIANA,44,3,200,3,0.7969580686661633,0.274131279819239,3572.3934871856304,0.004735000431537628,3,0.0,200,1.0,1.0
Anisotropic Blobs,K-Means,44,3,200,3,0.7969580686661633,0.274131279819239,3572.3934871856304,0.006626799702644348,3,0.0,200,1.0,1.0
Anisotropic Blobs,DBSCAN,44,3,200,3,0.7772841119444794,0.2805748103395896,1134.278615551963,0.0021333005279302597,2,0.0,200,0.5652738126135479,0.7319842133941145
Anisotropic Blobs,AGNES (single),44,3,200,3,0.6577931856505781,0.3705795206566988,579.0661197116743,0.0013992004096508026,3,0.0,200,0.5247774323672728,0.6918454049872294
Anisotropic Blobs,K-Medoids (PAM),44,3,200,3,0.7969580686661633,0.274131279819239,3572.3934871856304,0.0009765997529029846,3,0.0,200,1.0,1.0
Anisotropic Blobs,AGNES (complete),44,3,200,3,0.7738915009135817,0.2901384235876118,3042.129679532155,0.0013154996559023857,3,0.0,200,0.9128463167355498,0.9067226878428871
Anisotropic Blobs,CURE,44,3,200,3,0.7943204067412181,0.27563038438601,3519.302314966091,0.2113516004756093,3,0.0,200,0.9848865697285946,0.9763112474994169
Anisotropic Blobs,AGNES (average),44,3,200,3,0.7943204067412181,0.27563038438601,3519.302314966091,0.0013279998674988747,3,0.0,200,0.9848865697285946,0.9763112474994169
Anisotropic Blobs,AGNES (complete),55,1,200,3,0.7979181087122698,0.4014918100079125,8035.615871802596,0.0013016005977988243,3,0.0,200,0.4662359729335407,0.6587386906481902
Anisotropic Blobs,DBSCAN,55,1,200,3,0.9306950596083121,0.09754619971549831,12577.555287310524,0.0037696994841098785,2,0.0,200,0.5708154506437768,0.7345290323357648
Anisotropic Blobs,K-Medoids (PAM),55,1,200,3,0.6506119620070508,0.4678326005200015,10335.82377474651,0.0007618004456162453,3,0.0,200,0.5070408170203508,0.5868547757943462
Anisotropic Blobs,K-Means,55,1,200,3,0.6600617699884164,0.4597225431528254,10371.955252603955,0.006966800428926945,3,0.0,200,0.5062663591540246,0.5876365272311671
Anisotropic Blobs,AGNES (single),55,1,200,3,0.8048241480154036,0.21207776798288255,6552.870157206955,0.0010937005281448364,3,0.0,200,0.5634589458817487,0.723697656806281
Anisotropic Blobs,AGNES (ward),55,1,200,3,0.6600617699884164,0.4597225431528254,10371.955252603955,0.0014075003564357758,3,0.0,200,0.5062663591540246,0.5876365272311671
Anisotropic Blobs,AGNES (average),55,1,200,3,0.8048241480154036,0.21207776798288255,6552.870157206955,0.0020122993737459183,3,0.0,200,0.5634589458817487,0.723697656806281
Anisotropic Blobs,CURE,55,1,200,3,0.8048241480154036,0.21207776798288255,6552.870157206955,0.2279348000884056,3,0.0,200,0.5634589458817487,0.723697656806281
Anisotropic Blobs,DIANA,55,1,200,3,0.7827653560490034,0.4949964319951768,8058.2924271436605,0.005233599804341793,3,0.0,200,0.44194876569708036,0.6481894354991332
Anisotropic Blobs,AGNES (ward),55,2,200,3,0.6600617699884164,0.4597225431528254,10371.955252603955,0.0015759002417325974,3,0.0,200,0.5062663591540246,0.5876365272311671
Anisotropic Blobs,K-Means,55,2,200,3,0.6600617699884164,0.4597225431528254,10371.955252603955,0.006938599981367588,3,0.0,200,0.5062663591540246,0.5876365272311671
Anisotropic Blobs,DIANA,55,2,200,3,0.7827653560490034,0.4949964319951768,8058.2924271436605,0.004867000505328178,3,0.0,200,0.44194876569708036,0.6481894354991332
Anisotropic Blobs,DBSCAN,55,2,200,3,0.9306950596083121,0.09754619971549831,12577.555287310524,0.0023155994713306427,2,0.0,200,0.5708154506437768,0.7345290323357648
Anisotropic Blobs,AGNES (single),55,2,200,3,0.8048241480154036,0.21207776798288255,6552.870157206955,0.0010172994807362556,3,0.0,200,0.5634589458817487,0.723697656806281
Anisotropic Blobs,K-Medoids (PAM),55,2,200,3,0.6506119620070508,0.4678326005200015,10335.82377474651,0.0007557002827525139,3,0.0,200,0.5070408170203508,0.5868547757943462
Anisotropic Blobs,CURE,55,2,200,3,0.8048241480154036,0.21207776798288255,6552.870157206955,0.22511920053511858,3,0.0,200,0.5634589458817487,0.723697656806281
Anisotropic Blobs,AGNES (complete),55,2,200,3,0.7979181087122698,0.4014918100079125,8035.615871802596,0.0013255998492240906,3,0.0,200,0.4662359729335407,0.6587386906481902
Anisotropic Blobs,AGNES (average),55,2,200,3,0.8048241480154036,0.21207776798288255,6552.870157206955,0.001254800707101822,3,0.0,200,0.5634589458817487,0.723697656806281
Anisotropic Blobs,AGNES (complete),55,3,200,3,0.7979181087122698,0.4014918100079125,8035.615871802596,0.0013203006237745285,3,0.0,200,0.4662359729335407,0.6587386906481902
Anisotropic Blobs,K-Means,55,3,200,3,0.6600617699884164,0.4597225431528254,10371.955252603955,0.009058699943125248,3,0.0,200,0.5062663591540246,0.5876365272311671
Anisotropic Blobs,AGNES (single),55,3,200,3,0.8048241480154036,0.21207776798288255,6552.870157206955,0.0021400004625320435,3,0.0,200,0.5634589458817487,0.723697656806281
Anisotropic Blobs,DIANA,55,3,200,3,0.7827653560490034,0.4949964319951768,8058.2924271436605,0.005532499402761459,3,0.0,200,0.44194876569708036,0.6481894354991332
Anisotropic Blobs,K-Medoids (PAM),55,3,200,3,0.6506119620070508,0.4678326005200015,10335.82377474651,0.0007611000910401344,3,0.0,200,0.5070408170203508,0.5868547757943462
Anisotropic Blobs,CURE,55,3,200,3,0.8048241480154036,0.21207776798288255,6552.870157206955,0.22465640027076006,3,0.0,200,0.5634589458817487,0.723697656806281
Anisotropic Blobs,DBSCAN,55,3,200,3,0.9306950596083121,0.09754619971549831,12577.555287310524,0.0022610006853938103,2,0.0,200,0.5708154506437768,0.7345290323357648
Anisotropic Blobs,AGNES (average),55,3,200,3,0.8048241480154036,0.21207776798288255,6552.870157206955,0.0013724993914365768,3,0.0,200,0.5634589458817487,0.723697656806281
Anisotropic Blobs,AGNES (ward),55,3,200,3,0.6600617699884164,0.4597225431528254,10371.955252603955,0.0018911994993686676,3,0.0,200,0.5062663591540246,0.5876365272311671
Blobs with Outliers,DIANA,11,1,200,2,0.7944243726963492,0.27707506474751886,1253.0397661002432,0.0070639001205563545,2,0.0,200,1.0,1.0
Blobs with Outliers,DBSCAN,11,1,200,2,0.8780245764150025,0.17207652161563877,4470.65952031754,0.0032179001718759537,2,0.115,177,1.0,1.0
Blobs with Outliers,K-Medoids (PAM),11,1,200,2,0.7944243726963492,0.27707506474751886,1253.0397661002432,0.0006854003295302391,2,0.0,200,1.0,1.0
Blobs with Outliers,AGNES (ward),11,1,200,2,0.7903498671942768,0.28160292108278573,1217.786154038911,0.0028043994680047035,2,0.0,200,1.0,1.0
Blobs with Outliers,AGNES (complete),11,1,200,2,0.36207856585776993,0.7897430047860223,33.31977771418591,0.002049999311566353,2,0.0,200,0.0,0.0
Blobs with Outliers,AGNES (average),11,1,200,2,0.7934142964674291,0.276401245309821,1243.1516830690668,0.0013468004763126373,2,0.0,200,1.0,1.0
Blobs with Outliers,K-Means,11,1,200,2,0.7944243726963492,0.27707506474751886,1253.0397661002432,0.0069342004135251045,2,0.0,200,1.0,1.0
Blobs with Outliers,AGNES (single),11,1,200,2,0.4663009772026593,0.435180281199358,4.937452442011723,0.0010889992117881775,2,0.0,200,0.0,0.0
Blobs with Outliers,CURE,11,1,200,2,0.7934142964674291,0.276401245309821,1243.1516830690668,0.24399890005588531,2,0.0,200,1.0,1.0
Blobs with Outliers,DBSCAN,11,2,200,2,0.8780245764150025,0.17207652161563877,4470.65952031754,0.002257400192320347,2,0.115,177,1.0,1.0
Blobs with Outliers,DIANA,11,2,200,2,0.7944243726963492,0.27707506474751886,1253.0397661002432,0.006606600247323513,2,0.0,200,1.0,1.0
Blobs with Outliers,CURE,11,2,200,2,0.7934142964674291,0.276401245309821,1243.1516830690668,0.3680914994329214,2,0.0,200,1.0,1.0
Blobs with Outliers,AGNES (complete),11,2,200,2,0.36207856585776993,0.7897430047860223,33.31977771418591,0.0020157992839813232,2,0.0,200,0.0,0.0
Blobs with Outliers,AGNES (single),11,2,200,2,0.4663009772026593,0.435180281199358,4.937452442011723,0.0034435000270605087,2,0.0,200,0.0,0.0
Blobs with Outliers,K-Medoids (PAM),11,2,200,2,0.7944243726963492,0.27707506474751886,1253.0397661002432,0.001026100479066372,2,0.0,200,1.0,1.0
Blobs with Outliers,K-Means,11,2,200,2,0.7944243726963492,0.27707506474751886,1253.0397661002432,0.00604650005698204,2,0.0,200,1.0,1.0
Blobs with Outliers,AGNES (average),11,2,200,2,0.7934142964674291,0.276401245309821,1243.1516830690668,0.0015041995793581009,2,0.0,200,1.0,1.0
Blobs with Outliers,AGNES (ward),11,2,200,2,0.7903498671942768,0.28160292108278573,1217.786154038911,0.0013653002679347992,2,0.0,200,1.0,1.0
Blobs with Outliers,AGNES (complete),11,3,200,2,0.36207856585776993,0.7897430047860223,33.31977771418591,0.002663799561560154,2,0.0,200,0.0,0.0
Blobs with Outliers,AGNES (single),11,3,200,2,0.4663009772026593,0.435180281199358,4.937452442011723,0.0038590002804994583,2,0.0,200,0.0,0.0
Blobs with Outliers,K-Means,11,3,200,2,0.7944243726963492,0.27707506474751886,1253.0397661002432,0.007968599908053875,2,0.0,200,1.0,1.0
Blobs with Outliers,AGNES (average),11,3,200,2,0.7934142964674291,0.276401245309821,1243.1516830690668,0.0013704998418688774,2,0.0,200,1.0,1.0
Blobs with Outliers,AGNES (ward),11,3,200,2,0.7903498671942768,0.28160292108278573,1217.786154038911,0.0013773003593087196,2,0.0,200,1.0,1.0
Blobs with Outliers,DIANA,11,3,200,2,0.7944243726963492,0.27707506474751886,1253.0397661002432,0.0035194996744394302,2,0.0,200,1.0,1.0
Blobs with Outliers,DBSCAN,11,3,200,2,0.8780245764150025,0.17207652161563877,4470.65952031754,0.0026453007012605667,2,0.115,177,1.0,1.0
Blobs with Outliers,CURE,11,3,200,2,0.7934142964674291,0.276401245309821,1243.1516830690668,0.2733322000131011,2,0.0,200,1.0,1.0
Blobs with Outliers,K-Medoids (PAM),11,3,200,2,0.7944243726963492,0.27707506474751886,1253.0397661002432,0.0006531998515129089,2,0.0,200,1.0,1.0
Blobs with Outliers,DBSCAN,22,1,200,2,0.8081093018730272,0.27063811797142,1816.9305804684618,0.004389000125229359,2,0.13,174,0.932202426051235,0.8876411795328418
Blobs with Outliers,K-Means,22,1,200,2,0.6921291427467017,0.4459239089456926,470.1660836650577,0.005792099982500076,2,0.0,200,1.0,1.0
Blobs with Outliers,AGNES (single),22,1,200,2,0.47092784057110326,0.8951705909186218,24.860677388289087,0.0011272002011537552,2,0.0,200,0.0,0.0
Blobs with Outliers,K-Medoids (PAM),22,1,200,2,0.6921168943535239,0.44460733340793,469.6400963789264,0.0009647002443671227,2,0.0,200,1.0,1.0
Blobs with Outliers,AGNES (ward),22,1,200,2,0.6682984447087628,0.4841251693643181,366.45782149056157,0.0022042999044060707,2,0.0,200,1.0,1.0
Blobs with Outliers,CURE,22,1,200,2,0.5173238518154367,0.5534414681926114,15.889307148121345,0.28891060035675764,2,0.0,200,0.0,0.0
Blobs with Outliers,DIANA,22,1,200,2,0.4917270379222809,0.9993213184300979,44.54565503346225,0.003122599795460701,2,0.0,200,0.0,0.0
Blobs with Outliers,AGNES (complete),22,1,200,2,0.6839885526113031,0.4566519013146871,434.04406029305926,0.0013565002009272575,2,0.0,200,1.0,1.0
Blobs with Outliers,AGNES (average),22,1,200,2,0.47092784057110326,0.8951705909186218,24.860677388289087,0.0021267998963594437,2,0.0,200,0.0,0.0
Blobs with Outliers,K-Medoids (PAM),22,2,200,2,0.6921168943535239,0.44460733340793,469.6400963789264,0.0009673004969954491,2,0.0,200,1.0,1.0
Blobs with Outliers,AGNES (complete),22,2,200,2,0.6839885526113031,0.4566519013146871,434.04406029305926,0.0013482002541422844,2,0.0,200,1.0,1.0
Blobs with Outliers,AGNES (average),22,2,200,2,0.47092784057110326,0.8951705909186218,24.860677388289087,0.0013125995174050331,2,0.0,200,0.0,0.0
Blobs with Outliers,DBSCAN,22,2,200,2,0.8081093018730272,0.27063811797142,1816.9305804684618,0.0019474998116493225,2,0.13,174,0.932202426051235,0.8876411795328418
Blobs with Outliers,DIANA,22,2,200,2,0.4917270379222809,0.9993213184300979,44.54565503346225,0.0011887000873684883,2,0.0,200,0.0,0.0
Blobs with Outliers,K-Means,22,2,200,2,0.6921291427467017,0.4459239089456926,470.1660836650577,0.008890700526535511,2,0.0,200,1.0,1.0
Blobs with Outliers,CURE,22,2,200,2,0.5173238518154367,0.5534414681926114,15.889307148121345,0.28252660017460585,2,0.0,200,0.0,0.0
Blobs with Outliers,AGNES (ward),22,2,200,2,0.6682984447087628,0.4841251693643181,366.45782149056157,0.0014268001541495323,2,0.0,200,1.0,1.0
Blobs with Outliers,AGNES (single),22,2,200,2,0.47092784057110326,0.8951705909186218,24.860677388289087,0.0016374997794628143,2,0.0,200,0.0,0.0
Blobs with Outliers,DBSCAN,22,3,200,2,0.8081093018730272,0.27063811797142,1816.9305804684618,0.002243800088763237,2,0.13,174,0.932202426051235,0.8876411795328418
Blobs with Outliers,DIANA,22,3,200,2,0.4917270379222809,0.9993213184300979,44.54565503346225,0.0020302999764680862,2,0.0,200,0.0,0.0
Blobs with Outliers,AGNES (ward),22,3,200,2,0.6682984447087628,0.4841251693643181,366.45782149056157,0.0013110004365444183,2,0.0,200,1.0,1.0
Blobs with Outliers,AGNES (complete),22,3,200,2,0.6839885526113031,0.4566519013146871,434.04406029305926,0.0028589004650712013,2,0.0,200,1.0,1.0
Blobs with Outliers,AGNES (average),22,3,200,2,0.47092784057110326,0.8951705909186218,24.860677388289087,0.01017720066010952,2,0.0,200,0.0,0.0
Blobs with Outliers,K-Means,22,3,200,2,0.6921291427467017,0.4459239089456926,470.1660836650577,0.008891699835658073,2,0.0,200,1.0,1.0
Blobs with Outliers,CURE,22,3,200,2,0.5173238518154367,0.5534414681926114,15.889307148121345,0.37498530000448227,2,0.0,200,0.0,0.0
Blobs with Outliers,AGNES (single),22,3,200,2,0.47092784057110326,0.8951705909186218,24.860677388289087,0.0017865002155303955,2,0.0,200,0.0,0.0
Blobs with Outliers,K-Medoids (PAM),22,3,200,2,0.6921168943535239,0.44460733340793,469.6400963789264,0.0006344998255372047,2,0.0,200,1.0,1.0
Blobs with Outliers,AGNES (ward),33,1,200,2,0.6085484140190269,0.5810891245359389,265.3663590620556,0.004482400603592396,2,0.0,200,1.0,1.0
Blobs with Outliers,DBSCAN,33,1,200,2,0.7430096744111333,0.36150448479457525,1015.3868252931796,0.0020138993859291077,2,0.165,167,0.8675507480767694,0.8170968365006751
Blobs with Outliers,AGNES (single),33,1,200,2,0.6529121387741474,0.25704645329957376,11.834489974849758,0.001129000447690487,2,0.0,200,0.0,0.0
Blobs with Outliers,K-Means,33,1,200,2,0.6167481482716501,0.5701583603087923,284.00292768061564,0.01016560010612011,2,0.0,200,1.0,1.0
Blobs with Outliers,AGNES (average),33,1,200,2,0.5731420933111722,0.49946668352487417,22.766206775144273,0.0014330996200442314,2,0.0,200,0.0,0.0
Blobs with Outliers,K-Medoids (PAM),33,1,200,2,0.6167481482716501,0.5701583603087923,284.00292768061564,0.002545500174164772,2,0.0,200,1.0,1.0
Blobs with Outliers,CURE,33,1,200,2,0.6529121387741474,0.25704645329957376,11.834489974849758,0.3083120994269848,2,0.0,200,0.0,0.0
Blobs with Outliers,DIANA,33,1,200,2,0.5080996583186389,0.9450215096971359,59.021612388600616,0.0011740997433662415,2,0.0,200,0.0,0.010981643796633508
Blobs with Outliers,AGNES (complete),33,1,200,2,0.5104663889321884,1.021310440689053,58.86143039538768,0.0014075003564357758,2,0.0,200,0.0,0.010981643796633508
Blobs with Outliers,CURE,33,2,200,2,0.6529121387741474,0.25704645329957376,11.834489974849758,0.32298049982637167,2,0.0,200,0.0,0.0
Blobs with Outliers,AGNES (ward),33,2,200,2,0.6085484140190269,0.5810891245359389,265.3663590620556,0.001518099568784237,2,0.0,200,1.0,1.0
Blobs with Outliers,AGNES (average),33,2,200,2,0.5731420933111722,0.49946668352487417,22.766206775144273,0.0014802999794483185,2,0.0,200,0.0,0.0
Blobs with Outliers,AGNES (single),33,2,200,2,0.6529121387741474,0.25704645329957376,11.834489974849758,0.0022050002589821815,2,0.0,200,0.0,0.0
Blobs with Outliers,AGNES (complete),33,2,200,2,0.5104663889321884,1.021310440689053,58.86143039538768,0.001360500231385231,2,0.0,200,0.0,0.010981643796633508
Blobs with Outliers,DBSCAN,33,2,200,2,0.7430096744111333,0.36150448479457525,1015.3868252931796,0.002435999922454357,2,0.165,167,0.8675507480767694,0.8170968365006751
Blobs with Outliers,DIANA,33,2,200,2,0.5080996583186389,0.9450215096971359,59.021612388600616,0.001744200475513935,2,0.0,200,0.0,0.010981643796633508
Blobs with Outliers,K-Medoids (PAM),33,2,200,2,0.6167481482716501,0.5701583603087923,284.00292768061564,0.0006002001464366913,2,0.0,200,1.0,1.0
Blobs with Outliers,K-Means,33,2,200,2,0.6167481482716501,0.5701583603087923,284.00292768061564,0.013547900132834911,2,0.0,200,1.0,1.0
Blobs with Outliers,AGNES (ward),33,3,200,2,0.6085484140190269,0.5810891245359389,265.3663590620556,0.0035969000309705734,2,0.0,200,1.0,1.0
Blobs with Outliers,K-Medoids (PAM),33,3,200,2,0.6167481482716501,0.5701583603087923,284.00292768061564,0.0012063998728990555,2,0.0,200,1.0,1.0
Blobs with Outliers,AGNES (single),33,3,200,2,0.6529121387741474,0.25704645329957376,11.834489974849758,0.0012119999155402184,2,0.0,200,0.0,0.0
Blobs with Outliers,AGNES (average),33,3,200,2,0.5731420933111722,0.49946668352487417,22.766206775144273,0.004623199813067913,2,0.0,200,0.0,0.0
Blobs with Outliers,DBSCAN,33,3,200,2,0.7430096744111333,0.36150448479457525,1015.3868252931796,0.0033227000385522842,2,0.165,167,0.8675507480767694,0.8170968365006751
Blobs with Outliers,CURE,33,3,200,2,0.6529121387741474,0.25704645329957376,11.834489974849758,0.3784549003466964,2,0.0,200,0.0,0.0
Blobs with Outliers,AGNES (complete),33,3,200,2,0.5104663889321884,1.021310440689053,58.86143039538768,0.004310799762606621,2,0.0,200,0.0,0.010981643796633508
Blobs with Outliers,K-Means,33,3,200,2,0.6167481482716501,0.5701583603087923,284.00292768061564,0.008607599884271622,2,0.0,200,1.0,1.0
Blobs with Outliers,DIANA,33,3,200,2,0.5080996583186389,0.9450215096971359,59.021612388600616,0.0017076004296541214,2,0.0,200,0.0,0.010981643796633508
Blobs with Outliers,AGNES (ward),44,1,200,2,0.5525773990196516,0.6324166812098667,202.11032335219804,0.0023898007348179817,2,0.0,200,1.0,1.0
Blobs with Outliers,K-Medoids (PAM),44,1,200,2,0.5525773990196516,0.6324166812098667,202.11032335219804,0.0006262008100748062,2,0.0,200,1.0,1.0
Blobs with Outliers,CURE,44,1,200,2,0.6658578135935085,0.5235415438458215,109.21505267349859,0.303540600463748,2,0.0,200,0.0,0.0
Blobs with Outliers,DBSCAN,44,1,200,2,0.7167298111317637,0.4033330246202035,792.6847412293512,0.002167000435292721,2,0.175,165,0.8663536092942526,0.8132835647712181
Blobs with Outliers,DIANA,44,1,200,2,0.6611580137904468,0.6589975358005905,128.2260046419694,0.0018207002431154251,2,0.0,200,0.0,0.0
Blobs with Outliers,AGNES (average),44,1,200,2,0.6658578135935085,0.5235415438458215,109.21505267349859,0.0012510996311903,2,0.0,200,0.0,0.0
Blobs with Outliers,K-Means,44,1,200,2,0.5532509034796359,0.6361136183909877,203.02989926514798,0.007806099951267242,2,0.0,200,1.0,1.0
Blobs with Outliers,AGNES (single),44,1,200,2,0.6398770611898807,0.24916354773853605,10.66965319913279,0.0010491004213690758,2,0.0,200,0.0,0.0
Blobs with Outliers,AGNES (complete),44,1,200,2,0.6457407863929348,0.6364301112333004,119.96574482199108,0.0013956008478999138,2,0.0,200,0.0,0.0
Blobs with Outliers,K-Medoids (PAM),44,2,200,2,0.5525773990196516,0.6324166812098667,202.11032335219804,0.0006170999258756638,2,0.0,200,1.0,1.0
Blobs with Outliers,DIANA,44,2,200,2,0.6611580137904468,0.6589975358005905,128.2260046419694,0.0011852001771330833,2,0.0,200,0.0,0.0
Blobs with Outliers,K-Means,44,2,200,2,0.5532509034796359,0.6361136183909877,203.02989926514798,0.008775399997830391,2,0.0,200,1.0,1.0
Blobs with Outliers,AGNES (ward),44,2,200,2,0.5525773990196516,0.6324166812098667,202.11032335219804,0.0016427002847194672,2,0.0,200,1.0,1.0
Blobs with Outliers,DBSCAN,44,2,200,2,0.7167298111317637,0.4033330246202035,792.6847412293512,0.0019145999103784561,2,0.175,165,0.8663536092942526,0.8132835647712181
Blobs with Outliers,AGNES (average),44,2,200,2,0.6658578135935085,0.5235415438458215,109.21505267349859,0.002426999621093273,2,0.0,200,0.0,0.0
Blobs with Outliers,CURE,44,2,200,2,0.6658578135935085,0.5235415438458215,109.21505267349859,0.39431759994477034,2,0.0,200,0.0,0.0
Blobs with Outliers,AGNES (complete),44,2,200,2,0.6457407863929348,0.6364301112333004,119.96574482199108,0.0014500003308057785,2,0.0,200,0.0,0.0
Blobs with Outliers,AGNES (single),44,2,200,2,0.6398770611898807,0.24916354773853605,10.66965319913279,0.001106100156903267,2,0.0,200,0.0,0.0
Blobs with Outliers,AGNES (ward),44,3,200,2,0.5525773990196516,0.6324166812098667,202.11032335219804,0.0022418005391955376,2,0.0,200,1.0,1.0
Blobs with Outliers,DIANA,44,3,200,2,0.6611580137904468,0.6589975358005905,128.2260046419694,0.0011469004675745964,2,0.0,200,0.0,0.0
Blobs with Outliers,K-Means,44,3,200,2,0.5532509034796359,0.6361136183909877,203.02989926514798,0.00900179985910654,2,0.0,200,1.0,1.0
Blobs with Outliers,DBSCAN,44,3,200,2,0.7167298111317637,0.4033330246202035,792.6847412293512,0.003020600415766239,2,0.175,165,0.8663536092942526,0.8132835647712181
Blobs with Outliers,AGNES (single),44,3,200,2,0.6398770611898807,0.24916354773853605,10.66965319913279,0.0018446994945406914,2,0.0,200,0.0,0.0
Blobs with Outliers,K-Medoids (PAM),44,3,200,2,0.5525773990196516,0.6324166812098667,202.11032335219804,0.0010057995095849037,2,0.0,200,1.0,1.0
Blobs with Outliers,AGNES (complete),44,3,200,2,0.6457407863929348,0.6364301112333004,119.96574482199108,0.001393699087202549,2,0.0,200,0.0,0.0
Blobs with Outliers,CURE,44,3,200,2,0.6658578135935085,0.5235415438458215,109.21505267349859,0.28525809943675995,2,0.0,200,0.0,0.0
Blobs with Outliers,AGNES (average),44,3,200,2,0.6658578135935085,0.5235415438458215,109.21505267349859,0.0014723995700478554,2,0.0,200,0.0,0.0
Blobs with Outliers,AGNES (complete),55,1,200,2,0.8022408099840348,0.2600502532370623,1370.3006037632513,0.0040671005845069885,2,0.0,200,1.0,1.0
Blobs with Outliers,DBSCAN,55,1,200,2,0.9026360764901191,0.13532093813357768,7056.813984867665,0.00329000037163496,2,0.115,177,0.9885710510669221,0.9778650818772495
Blobs with Outliers,K-Medoids (PAM),55,1,200,2,0.8172625647647227,0.24201690400642167,1580.1485189068871,0.0009968997910618782,2,0.0,200,1.0,1.0
Blobs with Outliers,K-Means,55,1,200,2,0.8173782816552299,0.24088591434908171,1582.318212477866,0.005821100436151028,2,0.0,200,1.0,1.0
Blobs with Outliers,AGNES (single),55,1,200,2,-0.01225644364285412,1.6613782457018385,0.34385223024820405,0.003105100244283676,2,0.0,200,0.0,0.0
Blobs with Outliers,AGNES (ward),55,1,200,2,0.8022408099840348,0.2600502532370623,1370.3006037632513,0.0025100000202655792,2,0.0,200,1.0,1.0
Blobs with Outliers,AGNES (average),55,1,200,2,0.8133560299906212,0.2426655841556797,1522.7110393950325,0.001560300588607788,2,0.0,200,1.0,1.0
Blobs with Outliers,CURE,55,1,200,2,0.8109968838436606,0.2476510019916609,1492.4075657889236,0.3090615998953581,2,0.0,200,1.0,1.0
Blobs with Outliers,DIANA,55,1,200,2,0.8172625647647227,0.24201690400642167,1580.1485189068871,0.005403199233114719,2,0.0,200,1.0,1.0
Blobs with Outliers,AGNES (ward),55,2,200,2,0.8022408099840348,0.2600502532370623,1370.3006037632513,0.0022461991757154465,2,0.0,200,1.0,1.0
Blobs with Outliers,K-Means,55,2,200,2,0.8173782816552299,0.24088591434908171,1582.318212477866,0.007593899965286255,2,0.0,200,1.0,1.0
Blobs with Outliers,DIANA,55,2,200,2,0.8172625647647227,0.24201690400642167,1580.1485189068871,0.003866899758577347,2,0.0,200,1.0,1.0
Blobs with Outliers,DBSCAN,55,2,200,2,0.9026360764901191,0.13532093813357768,7056.813984867665,0.002009299583733082,2,0.115,177,0.9885710510669221,0.9778650818772495
Blobs with Outliers,AGNES (single),55,2,200,2,-0.01225644364285412,1.6613782457018385,0.34385223024820405,0.0015484998002648354,2,0.0,200,0.0,0.0
Blobs with Outliers,K-Medoids (PAM),55,2,200,2,0.8172625647647227,0.24201690400642167,1580.1485189068871,0.0006474005058407784,2,0.0,200,1.0,1.0
Blobs with Outliers,CURE,55,2,200,2,0.8109968838436606,0.2476510019916609,1492.4075657889236,0.30250920075923204,2,0.0,200,1.0,1.0
Blobs with Outliers,AGNES (complete),55,2,200,2,0.8022408099840348,0.2600502532370623,1370.3006037632513,0.0020010005682706833,2,0.0,200,1.0,1.0
Blobs with Outliers,AGNES (average),55,2,200,2,0.8133560299906212,0.2426655841556797,1522.7110393950325,0.0018003005534410477,2,0.0,200,1.0,1.0
Blobs with Outliers,AGNES (complete),55,3,200,2,0.8022408099840348,0.2600502532370623,1370.3006037632513,0.0025537991896271706,2,0.0,200,1.0,1.0
Blobs with Outliers,K-Means,55,3,200,2,0.8173782816552299,0.24088591434908171,1582.318212477866,0.006484099663794041,2,0.0,200,1.0,1.0
Blobs with Outliers,AGNES (single),55,3,200,2,-0.01225644364285412,1.6613782457018385,0.34385223024820405,0.001080099493265152,2,0.0,200,0.0,0.0
Blobs with Outliers,DIANA,55,3,200,2,0.8172625647647227,0.24201690400642167,1580.1485189068871,0.0048409998416900635,2,0.0,200,1.0,1.0
Blobs with Outliers,K-Medoids (PAM),55,3,200,2,0.8172625647647227,0.24201690400642167,1580.1485189068871,0.000634300522506237,2,0.0,200,1.0,1.0
Blobs with Outliers,CURE,55,3,200,2,0.8109968838436606,0.2476510019916609,1492.4075657889236,0.2925177998840809,2,0.0,200,1.0,1.0
Blobs with Outliers,DBSCAN,55,3,200,2,0.9026360764901191,0.13532093813357768,7056.813984867665,0.002996300347149372,2,0.115,177,0.9885710510669221,0.9778650818772495
Blobs with Outliers,AGNES (average),55,3,200,2,0.8133560299906212,0.2426655841556797,1522.7110393950325,0.002115500159561634,2,0.0,200,1.0,1.0
Blobs with Outliers,AGNES (ward),55,3,200,2,0.8022408099840348,0.2600502532370623,1370.3006037632513,0.0021543996408581734,2,0.0,200,1.0,1.0
